"","Run","Assay.Type","BioSample","Center.Name","Consent","DATASTORE.filetype","DATASTORE.provider","DATASTORE.region","Experiment","Instrument","LibraryLayout","LibrarySelection","LibrarySource","Organism","Platform","ReleaseDate","Sample.Name","SRA.Study","BioProject","AvgSpotLen","Bases","Bytes","Library.Name","Host","Collection_Date","BioSampleModel","isolate","geo_loc_name_country","geo_loc_name_country_continent","geo_loc_name","Isolation_source","strain","collected_by","lat_lon","host_disease","ENA.FIRST.PUBLIC..run.","ENA.LAST.UPDATE..run.","sample_name","AssemblyName","INSDC_center_name","INSDC_first_public","INSDC_last_update","INSDC_status","SRA_accession","title","sample_type","Alias","INSDC_center_alias","ENA_CHECKLIST","subject_id","Biomaterial_provider","ENA.FIRST.PUBLIC","ENA.LAST.UPDATE","spoligotype","ArrayExpress.SPECIES","Genotype","VNTR","host_description","forward_read_length..run.","MD5_checksum2..run.","MD5_checksum..run.","reverse_read_length..run.","REA","Description","external_id","Submitter_Id","passage_history","samp_size","identified_by","lab_host","common_name","geographic_location_.country_and.or_sea.","GEO_Accession..exp.","host_health_state","host_scientific_name","source_name","host_sex","Broker_name","ENA.SUBMISSION.TOOL..exp.","Internal_project_id","host_tissue_sampled","Host_Age","treatment","env_biome","genotype.variation","serovar","specific_host","env_feature","env_material","isol_growth_condt","num_replicons","ref_biomaterial","accession..run.","Age","growth_condition","object_status..run.","organism"
"642","SRR8073601","WGS","SAMN10254833","USDA","public","sra","gs,ncbi,s3","gs.US,ncbi.public,s3.us-east-1","SRX4901551","Illumina MiSeq","PAIRED","RANDOM","GENOMIC","Mycobacterium tuberculosis variant bovis","ILLUMINA","2018-10-17T00:00:00Z","01-6MIDNRdeerOsco","SRP053287","PRJNA251692",453,515993749,348559620,"01-6MIDNRdeerOsco","Deer","not collected","Pathogen.cl","01-6MIDNRdeerOsco","USA","North America","USA:Michigan","not collected","not collected","not collected","not collected","bovine tuberculosis","","","","","","","","","","","","","","","","","","","","","","","",NA,"","",NA,"","","","","","","","","","","","","","","","","","","","","","","","","","","","",NA,"","","","","",""
"643","SRR8073602","WGS","SAMN10254834","USDA","public","sra","gs,ncbi,s3","gs.US,ncbi.public,s3.us-east-1","SRX4901550","Illumina MiSeq","PAIRED","RANDOM","GENOMIC","Mycobacterium tuberculosis variant bovis","ILLUMINA","2018-10-17T00:00:00Z","01-9MIDNRdeerAlc","SRP053287","PRJNA251692",446,402510970,280558509,"01-9MIDNRdeerAlc","Deer","not collected","Pathogen.cl","01-9MIDNRdeerAlc","USA","North America","USA:Michigan","not collected","not collected","not collected","not collected","bovine tuberculosis","","","","","","","","","","","","","","","","","","","","","","","",NA,"","",NA,"","","","","","","","","","","","","","","","","","","","","","","","","","","","",NA,"","","","","",""
"644","SRR8073603","WGS","SAMN10254835","USDA","public","sra","gs,ncbi,s3","gs.US,ncbi.public,s3.us-east-1","SRX4901549","Illumina MiSeq","PAIRED","RANDOM","GENOMIC","Mycobacterium tuberculosis variant bovis","ILLUMINA","2018-10-17T00:00:00Z","04-10MIDNRdeerAlp","SRP053287","PRJNA251692",485,362636691,232299839,"04-10MIDNRdeerAlp","Deer","not collected","Pathogen.cl","04-10MIDNRdeerAlp","USA","North America","USA:Michigan","not collected","not collected","not collected","not collected","bovine tuberculosis","","","","","","","","","","","","","","","","","","","","","","","",NA,"","",NA,"","","","","","","","","","","","","","","","","","","","","","","","","","","","",NA,"","","","","",""
"645","SRR8073604","WGS","SAMN10254836","USDA","public","sra","gs,ncbi,s3","gs.US,ncbi.public,s3.us-east-1","SRX4901548","Illumina MiSeq","PAIRED","RANDOM","GENOMIC","Mycobacterium tuberculosis variant bovis","ILLUMINA","2018-10-17T00:00:00Z","04-13MIDNRdeerAlp","SRP053287","PRJNA251692",474,574441052,340837229,"04-13MIDNRdeerAlp","Deer","not collected","Pathogen.cl","04-13MIDNRdeerAlp","USA","North America","USA:Michigan","not collected","not collected","not collected","not collected","bovine tuberculosis","","","","","","","","","","","","","","","","","","","","","","","",NA,"","",NA,"","","","","","","","","","","","","","","","","","","","","","","","","","","","",NA,"","","","","",""
"646","SRR8073605","WGS","SAMN10254837","USDA","public","sra","gs,ncbi,s3","gs.US,ncbi.public,s3.us-east-1","SRX4901547","Illumina MiSeq","PAIRED","RANDOM","GENOMIC","Mycobacterium tuberculosis variant bovis","ILLUMINA","2018-10-17T00:00:00Z","04-30MIDNRdeerMontm-3","SRP053287","PRJNA251692",483,266521157,169888379,"04-30MIDNRdeerMontm-3","Deer","not collected","Pathogen.cl","04-30MIDNRdeerMontm-3","USA","North America","USA:Michigan","not collected","not collected","not collected","not collected","bovine tuberculosis","","","","","","","","","","","","","","","","","","","","","","","",NA,"","",NA,"","","","","","","","","","","","","","","","","","","","","","","","","","","","",NA,"","","","","",""
"647","SRR8073606","WGS","SAMN10254838","USDA","public","sra","gs,ncbi,s3","gs.US,ncbi.public,s3.us-east-1","SRX4901546","Illumina HiSeq 1500","PAIRED","RANDOM","GENOMIC","Mycobacterium tuberculosis variant bovis","ILLUMINA","2018-10-18T00:00:00Z","05-1597_MI_Mont_Dairy_33","SRP053287","PRJNA251692",106,851737136,686391121,"05-1597_MI_Mont_Dairy_33","Bos taurus","not collected","Pathogen.cl","05-1597_MI_Mont_Dairy_33","USA","North America","USA:Michigan","not collected","not collected","not collected","not collected","bovine tuberculosis","","","","","","","","","","","","","","","","","","","","","","","",NA,"","",NA,"","","","","","","","","","","","","","","","","","","","","","","","","","","","",NA,"","","","","",""
"648","SRR8073607","WGS","SAMN10254839","USDA","public","sra","gs,ncbi,s3","gs.US,ncbi.public,s3.us-east-1","SRX4901545","Illumina MiSeq","PAIRED","RANDOM","GENOMIC","Mycobacterium tuberculosis variant bovis","ILLUMINA","2018-10-17T00:00:00Z","05-4MIDNRdeerOsco","SRP053287","PRJNA251692",479,412624828,255497297,"05-4MIDNRdeerOsco","Deer","not collected","Pathogen.cl","05-4MIDNRdeerOsco","USA","North America","USA:Michigan","not collected","not collected","not collected","not collected","bovine tuberculosis","","","","","","","","","","","","","","","","","","","","","","","",NA,"","",NA,"","","","","","","","","","","","","","","","","","","","","","","","","","","","",NA,"","","","","",""
"649","SRR8073608","WGS","SAMN10254840","USDA","public","sra","gs,ncbi,s3","gs.US,ncbi.public,s3.us-east-1","SRX4901544","Illumina MiSeq","PAIRED","RANDOM","GENOMIC","Mycobacterium tuberculosis variant bovis","ILLUMINA","2018-10-17T00:00:00Z","05-7MIDNRdeerAlc","SRP053287","PRJNA251692",474,439114353,282655314,"05-7MIDNRdeerAlc","Deer","not collected","Pathogen.cl","05-7MIDNRdeerAlc","USA","North America","USA:Michigan","not collected","not collected","not collected","not collected","bovine tuberculosis","","","","","","","","","","","","","","","","","","","","","","","",NA,"","",NA,"","","","","","","","","","","","","","","","","","","","","","","","","","","","",NA,"","","","","",""
"650","SRR8073609","WGS","SAMN10254841","USDA","public","sra","gs,ncbi,s3","gs.US,ncbi.public,s3.us-east-1","SRX4901543","Illumina MiSeq","PAIRED","RANDOM","GENOMIC","Mycobacterium tuberculosis variant bovis","ILLUMINA","2018-10-17T00:00:00Z","06-30MIDNRdeerAlp","SRP053287","PRJNA251692",461,400093772,250403226,"06-30MIDNRdeerAlp","Deer","not collected","Pathogen.cl","06-30MIDNRdeerAlp","USA","North America","USA:Michigan","not collected","not collected","not collected","not collected","bovine tuberculosis","","","","","","","","","","","","","","","","","","","","","","","",NA,"","",NA,"","","","","","","","","","","","","","","","","","","","","","","","","","","","",NA,"","","","","",""
"651","SRR8073611","WGS","SAMN10254889","USDA","public","sra","gs,ncbi,s3","gs.US,ncbi.public,s3.us-east-1","SRX4901541","Illumina MiSeq","PAIRED","RANDOM","GENOMIC","Mycobacterium tuberculosis variant bovis","ILLUMINA","2018-10-17T00:00:00Z","99-22MIDNRdeerAlc-1","SRP053287","PRJNA251692",478,503414938,306025588,"99-22MIDNRdeerAlc-1","Deer","not collected","Pathogen.cl","99-22MIDNRdeerAlc-1","USA","North America","USA:Michigan","not collected","not collected","not collected","not collected","bovine tuberculosis","","","","","","","","","","","","","","","","","","","","","","","",NA,"","",NA,"","","","","","","","","","","","","","","","","","","","","","","","","","","","",NA,"","","","","",""
"652","SRR8073612","WGS","SAMN10254884","USDA","public","sra","gs,ncbi,s3","gs.US,ncbi.public,s3.us-east-1","SRX4901540","Illumina MiSeq","PAIRED","RANDOM","GENOMIC","Mycobacterium tuberculosis variant bovis","ILLUMINA","2018-10-17T00:00:00Z","98-66MIDNRdeerAlc","SRP053287","PRJNA251692",477,443495743,274353562,"98-66MIDNRdeerAlc","Deer","not collected","Pathogen.cl","98-66MIDNRdeerAlc","USA","North America","USA:Michigan","not collected","not collected","not collected","not collected","bovine tuberculosis","","","","","","","","","","","","","","","","","","","","","","","",NA,"","",NA,"","","","","","","","","","","","","","","","","","","","","","","","","","","","",NA,"","","","","",""
"653","SRR8073613","WGS","SAMN10254873","USDA","public","sra","gs,ncbi,s3","gs.US,ncbi.public,s3.us-east-1","SRX4901539","Illumina MiSeq","PAIRED","RANDOM","GENOMIC","Mycobacterium tuberculosis variant bovis","ILLUMINA","2018-10-17T00:00:00Z","97-66MIDNRdeerOsco","SRP053287","PRJNA251692",468,462987270,307357305,"97-66MIDNRdeerOsco","Deer","not collected","Pathogen.cl","97-66MIDNRdeerOsco","USA","North America","USA:Michigan","not collected","not collected","not collected","not collected","bovine tuberculosis","","","","","","","","","","","","","","","","","","","","","","","",NA,"","",NA,"","","","","","","","","","","","","","","","","","","","","","","","","","","","",NA,"","","","","",""
"654","SRR8073614","WGS","SAMN10254874","USDA","public","sra","gs,ncbi,s3","gs.US,ncbi.public,s3.us-east-1","SRX4901538","Illumina MiSeq","PAIRED","RANDOM","GENOMIC","Mycobacterium tuberculosis variant bovis","ILLUMINA","2018-10-17T00:00:00Z","98-11MIDNRdeerAlp-2","SRP053287","PRJNA251692",473,595492452,366441009,"98-11MIDNRdeerAlp-2","Deer","not collected","Pathogen.cl","98-11MIDNRdeerAlp-2","USA","North America","USA:Michigan","not collected","not collected","not collected","not collected","bovine tuberculosis","","","","","","","","","","","","","","","","","","","","","","","",NA,"","",NA,"","","","","","","","","","","","","","","","","","","","","","","","","","","","",NA,"","","","","",""
"655","SRR8073615","WGS","SAMN10254893","USDA","public","sra","gs,ncbi,s3","gs.US,ncbi.public,s3.us-east-1","SRX4901537","Illumina MiSeq","PAIRED","RANDOM","GENOMIC","Mycobacterium tuberculosis variant bovis","ILLUMINA","2018-10-17T00:00:00Z","99-56MIDNRdeerAlc","SRP053287","PRJNA251692",478,500865702,286858090,"99-56MIDNRdeerAlc","Deer","not collected","Pathogen.cl","99-56MIDNRdeerAlc","USA","North America","USA:Michigan","not collected","not collected","not collected","not collected","bovine tuberculosis","","","","","","","","","","","","","","","","","","","","","","","",NA,"","",NA,"","","","","","","","","","","","","","","","","","","","","","","","","","","","",NA,"","","","","",""
"656","SRR8073616","WGS","SAMN10254885","USDA","public","sra","gs,ncbi,s3","gs.US,ncbi.public,s3.us-east-1","SRX4901536","Illumina MiSeq","PAIRED","RANDOM","GENOMIC","Mycobacterium tuberculosis variant bovis","ILLUMINA","2018-10-17T00:00:00Z","98-80MIDNRdeerMontm","SRP053287","PRJNA251692",475,533601636,328789870,"98-80MIDNRdeerMontm","Deer","not collected","Pathogen.cl","98-80MIDNRdeerMontm","USA","North America","USA:Michigan","not collected","not collected","not collected","not collected","bovine tuberculosis","","","","","","","","","","","","","","","","","","","","","","","",NA,"","",NA,"","","","","","","","","","","","","","","","","","","","","","","","","","","","",NA,"","","","","",""
"657","SRR8073617","WGS","SAMN10254892","USDA","public","sra","gs,ncbi,s3","gs.US,ncbi.public,s3.us-east-1","SRX4901535","Illumina MiSeq","PAIRED","RANDOM","GENOMIC","Mycobacterium tuberculosis variant bovis","ILLUMINA","2018-10-17T00:00:00Z","99-53MIDNRdeerMontm","SRP053287","PRJNA251692",476,537345564,331077094,"99-53MIDNRdeerMontm","Deer","not collected","Pathogen.cl","99-53MIDNRdeerMontm","USA","North America","USA:Michigan","not collected","not collected","not collected","not collected","bovine tuberculosis","","","","","","","","","","","","","","","","","","","","","","","",NA,"","",NA,"","","","","","","","","","","","","","","","","","","","","","","","","","","","",NA,"","","","","",""
"658","SRR8073618","WGS","SAMN10254877","USDA","public","sra","gs,ncbi,s3","gs.US,ncbi.public,s3.us-east-1","SRX4901534","Illumina MiSeq","PAIRED","RANDOM","GENOMIC","Mycobacterium tuberculosis variant bovis","ILLUMINA","2018-10-17T00:00:00Z","98-24MIDNRdeerAlp-2","SRP053287","PRJNA251692",479,527027035,318570660,"98-24MIDNRdeerAlp-2","Deer","not collected","Pathogen.cl","98-24MIDNRdeerAlp-2","USA","North America","USA:Michigan","not collected","not collected","not collected","not collected","bovine tuberculosis","","","","","","","","","","","","","","","","","","","","","","","",NA,"","",NA,"","","","","","","","","","","","","","","","","","","","","","","","","","","","",NA,"","","","","",""
"659","SRR8073619","WGS","SAMN10254868","USDA","public","sra","gs,ncbi,s3","gs.US,ncbi.public,s3.us-east-1","SRX4901533","Illumina MiSeq","PAIRED","RANDOM","GENOMIC","Mycobacterium tuberculosis variant bovis","ILLUMINA","2018-10-17T00:00:00Z","97-54MIDNRdeerAlp-2","SRP053287","PRJNA251692",478,478336745,273717177,"97-54MIDNRdeerAlp-2","Deer","not collected","Pathogen.cl","97-54MIDNRdeerAlp-2","USA","North America","USA:Michigan","not collected","not collected","not collected","not collected","bovine tuberculosis","","","","","","","","","","","","","","","","","","","","","","","",NA,"","",NA,"","","","","","","","","","","","","","","","","","","","","","","","","","","","",NA,"","","","","",""
"660","SRR8073620","WGS","SAMN10254878","USDA","public","sra","gs,ncbi,s3","gs.US,ncbi.public,s3.us-east-1","SRX4901532","Illumina MiSeq","PAIRED","RANDOM","GENOMIC","Mycobacterium tuberculosis variant bovis","ILLUMINA","2018-10-17T00:00:00Z","98-29MIDNRdeerAlc","SRP053287","PRJNA251692",473,442355799,293773839,"98-29MIDNRdeerAlc","Deer","not collected","Pathogen.cl","98-29MIDNRdeerAlc","USA","North America","USA:Michigan","not collected","not collected","not collected","not collected","bovine tuberculosis","","","","","","","","","","","","","","","","","","","","","","","",NA,"","",NA,"","","","","","","","","","","","","","","","","","","","","","","","","","","","",NA,"","","","","",""
"661","SRR8073621","WGS","SAMN10254891","USDA","public","sra","gs,ncbi,s3","gs.US,ncbi.public,s3.us-east-1","SRX4901531","Illumina MiSeq","PAIRED","RANDOM","GENOMIC","Mycobacterium tuberculosis variant bovis","ILLUMINA","2018-10-17T00:00:00Z","99-35MIDNRdeerMontm-MI","SRP053287","PRJNA251692",479,482427419,307723674,"99-35MIDNRdeerMontm-MI","Deer","not collected","Pathogen.cl","99-35MIDNRdeerMontm-MI","USA","North America","USA:Michigan","not collected","not collected","not collected","not collected","bovine tuberculosis","","","","","","","","","","","","","","","","","","","","","","","",NA,"","",NA,"","","","","","","","","","","","","","","","","","","","","","","","","","","","",NA,"","","","","",""
"662","SRR8073622","WGS","SAMN10254867","USDA","public","sra","gs,ncbi,s3","gs.US,ncbi.public,s3.us-east-1","SRX4901530","Illumina MiSeq","PAIRED","RANDOM","GENOMIC","Mycobacterium tuberculosis variant bovis","ILLUMINA","2018-10-17T00:00:00Z","97-52MIDNRdeerAlp-2","SRP053287","PRJNA251692",470,491514268,283209235,"97-52MIDNRdeerAlp-2","Deer","not collected","Pathogen.cl","97-52MIDNRdeerAlp-2","USA","North America","USA:Michigan","not collected","not collected","not collected","not collected","bovine tuberculosis","","","","","","","","","","","","","","","","","","","","","","","",NA,"","",NA,"","","","","","","","","","","","","","","","","","","","","","","","","","","","",NA,"","","","","",""
"663","SRR8073623","WGS","SAMN10254864","USDA","public","sra","gs,ncbi,s3","gs.US,ncbi.public,s3.us-east-1","SRX4901529","Illumina MiSeq","PAIRED","RANDOM","GENOMIC","Mycobacterium tuberculosis variant bovis","ILLUMINA","2018-10-17T00:00:00Z","97-46MIDNRdeerMontm","SRP053287","PRJNA251692",473,324527190,200399148,"97-46MIDNRdeerMontm","Deer","not collected","Pathogen.cl","97-46MIDNRdeerMontm","USA","North America","USA:Michigan","not collected","not collected","not collected","not collected","bovine tuberculosis","","","","","","","","","","","","","","","","","","","","","","","",NA,"","",NA,"","","","","","","","","","","","","","","","","","","","","","","","","","","","",NA,"","","","","",""
"664","SRR8073624","WGS","SAMN10254863","USDA","public","sra","gs,ncbi,s3","gs.US,ncbi.public,s3.us-east-1","SRX4901528","Illumina MiSeq","PAIRED","RANDOM","GENOMIC","Mycobacterium tuberculosis variant bovis","ILLUMINA","2018-10-17T00:00:00Z","97-3MIDNRdeerAlp","SRP053287","PRJNA251692",472,489348662,309372018,"97-3MIDNRdeerAlp","Deer","not collected","Pathogen.cl","97-3MIDNRdeerAlp","USA","North America","USA:Michigan","not collected","not collected","not collected","not collected","bovine tuberculosis","","","","","","","","","","","","","","","","","","","","","","","",NA,"","",NA,"","","","","","","","","","","","","","","","","","","","","","","","","","","","",NA,"","","","","",""
"665","SRR8073625","WGS","SAMN10254866","USDA","public","sra","gs,ncbi,s3","gs.US,ncbi.public,s3.us-east-1","SRX4901527","Illumina MiSeq","PAIRED","RANDOM","GENOMIC","Mycobacterium tuberculosis variant bovis","ILLUMINA","2018-10-17T00:00:00Z","97-51MIDNRdeerAlc-2","SRP053287","PRJNA251692",423,389913402,254707007,"97-51MIDNRdeerAlc-2","Deer","not collected","Pathogen.cl","97-51MIDNRdeerAlc-2","USA","North America","USA:Michigan","not collected","not collected","not collected","not collected","bovine tuberculosis","","","","","","","","","","","","","","","","","","","","","","","",NA,"","",NA,"","","","","","","","","","","","","","","","","","","","","","","","","","","","",NA,"","","","","",""
"666","SRR8073626","WGS","SAMN10254865","USDA","public","sra","gs,ncbi,s3","gs.US,ncbi.public,s3.us-east-1","SRX4901526","Illumina MiSeq","PAIRED","RANDOM","GENOMIC","Mycobacterium tuberculosis variant bovis","ILLUMINA","2018-10-17T00:00:00Z","97-49MIDNRdeerMontm","SRP053287","PRJNA251692",474,357315085,264303719,"97-49MIDNRdeerMontm","Deer","not collected","Pathogen.cl","97-49MIDNRdeerMontm","USA","North America","USA:Michigan","not collected","not collected","not collected","not collected","bovine tuberculosis","","","","","","","","","","","","","","","","","","","","","","","",NA,"","",NA,"","","","","","","","","","","","","","","","","","","","","","","","","","","","",NA,"","","","","",""
"667","SRR8073627","WGS","SAMN10254832","USDA","public","sra","gs,ncbi,s3","gs.US,ncbi.public,s3.us-east-1","SRX4901525","Illumina MiSeq","PAIRED","RANDOM","GENOMIC","Mycobacterium tuberculosis variant bovis","ILLUMINA","2018-10-17T00:00:00Z","01-63MIDNRdeerAlc","SRP053287","PRJNA251692",448,466028201,300683719,"01-63MIDNRdeerAlc","Deer","not collected","Pathogen.cl","01-63MIDNRdeerAlc","USA","North America","USA:Michigan","not collected","not collected","not collected","not collected","bovine tuberculosis","","","","","","","","","","","","","","","","","","","","","","","",NA,"","",NA,"","","","","","","","","","","","","","","","","","","","","","","","","","","","",NA,"","","","","",""
"668","SRR8073628","WGS","SAMN10254831","USDA","public","sra","gs,ncbi,s3","gs.US,ncbi.public,s3.us-east-1","SRX4901524","Illumina MiSeq","PAIRED","RANDOM","GENOMIC","Mycobacterium tuberculosis variant bovis","ILLUMINA","2018-10-17T00:00:00Z","01-60MIDNRdeerAlp","SRP053287","PRJNA251692",478,422191182,266533757,"01-60MIDNRdeerAlp","Deer","not collected","Pathogen.cl","01-60MIDNRdeerAlp","USA","North America","USA:Michigan","not collected","not collected","not collected","not collected","bovine tuberculosis","","","","","","","","","","","","","","","","","","","","","","","",NA,"","",NA,"","","","","","","","","","","","","","","","","","","","","","","","","","","","",NA,"","","","","",""
"669","SRR8073629","WGS","SAMN10254870","USDA","public","sra","gs,ncbi,s3","gs.US,ncbi.public,s3.us-east-1","SRX4901523","Illumina MiSeq","PAIRED","RANDOM","GENOMIC","Mycobacterium tuberculosis variant bovis","ILLUMINA","2018-10-17T00:00:00Z","97-57MIDNRdeerAlc","SRP053287","PRJNA251692",478,355935015,234994051,"97-57MIDNRdeerAlc","Deer","not collected","Pathogen.cl","97-57MIDNRdeerAlc","USA","North America","USA:Michigan","not collected","not collected","not collected","not collected","bovine tuberculosis","","","","","","","","","","","","","","","","","","","","","","","",NA,"","",NA,"","","","","","","","","","","","","","","","","","","","","","","","","","","","",NA,"","","","","",""
"670","SRR8073630","WGS","SAMN10254869","USDA","public","sra","gs,ncbi,s3","gs.US,ncbi.public,s3.us-east-1","SRX4901522","Illumina MiSeq","PAIRED","RANDOM","GENOMIC","Mycobacterium tuberculosis variant bovis","ILLUMINA","2018-10-17T00:00:00Z","97-55MIDNRdeerMontm","SRP053287","PRJNA251692",477,328893086,207516460,"97-55MIDNRdeerMontm","Deer","not collected","Pathogen.cl","97-55MIDNRdeerMontm","USA","North America","USA:Michigan","not collected","not collected","not collected","not collected","bovine tuberculosis","","","","","","","","","","","","","","","","","","","","","","","",NA,"","",NA,"","","","","","","","","","","","","","","","","","","","","","","","","","","","",NA,"","","","","",""
"671","SRR8073631","WGS","SAMN10254828","USDA","public","sra","gs,ncbi,s3","gs.US,ncbi.public,s3.us-east-1","SRX4901521","Illumina MiSeq","PAIRED","RANDOM","GENOMIC","Mycobacterium tuberculosis variant bovis","ILLUMINA","2018-10-17T00:00:00Z","01-40MIDNRdeerAlc","SRP053287","PRJNA251692",471,491632759,347798278,"01-40MIDNRdeerAlc","Deer","not collected","Pathogen.cl","01-40MIDNRdeerAlc","USA","North America","USA:Michigan","not collected","not collected","not collected","not collected","bovine tuberculosis","","","","","","","","","","","","","","","","","","","","","","","",NA,"","",NA,"","","","","","","","","","","","","","","","","","","","","","","","","","","","",NA,"","","","","",""
"672","SRR8073632","WGS","SAMN10254827","USDA","public","sra","gs,ncbi,s3","gs.US,ncbi.public,s3.us-east-1","SRX4901520","Illumina MiSeq","PAIRED","RANDOM","GENOMIC","Mycobacterium tuberculosis variant bovis","ILLUMINA","2018-10-17T00:00:00Z","01-34MIDNRdeerAlp","SRP053287","PRJNA251692",430,518430262,335312514,"01-34MIDNRdeerAlp","Deer","not collected","Pathogen.cl","01-34MIDNRdeerAlp","USA","North America","USA:Michigan","not collected","not collected","not collected","not collected","bovine tuberculosis","","","","","","","","","","","","","","","","","","","","","","","",NA,"","",NA,"","","","","","","","","","","","","","","","","","","","","","","","","","","","",NA,"","","","","",""
"673","SRR8073633","WGS","SAMN10254830","USDA","public","sra","gs,ncbi,s3","gs.US,ncbi.public,s3.us-east-1","SRX4901519","Illumina MiSeq","PAIRED","RANDOM","GENOMIC","Mycobacterium tuberculosis variant bovis","ILLUMINA","2018-10-17T00:00:00Z","01-5MIDNRdeerOsco","SRP053287","PRJNA251692",465,426498502,291923582,"01-5MIDNRdeerOsco","Deer","not collected","Pathogen.cl","01-5MIDNRdeerOsco","USA","North America","USA:Michigan","not collected","not collected","not collected","not collected","bovine tuberculosis","","","","","","","","","","","","","","","","","","","","","","","",NA,"","",NA,"","","","","","","","","","","","","","","","","","","","","","","","","","","","",NA,"","","","","",""
"674","SRR8073634","WGS","SAMN10254829","USDA","public","sra","gs,ncbi,s3","gs.US,ncbi.public,s3.us-east-1","SRX4901518","Illumina MiSeq","PAIRED","RANDOM","GENOMIC","Mycobacterium tuberculosis variant bovis","ILLUMINA","2018-10-17T00:00:00Z","01-43MIDNRdeerAlc","SRP053287","PRJNA251692",479,412084899,254725848,"01-43MIDNRdeerAlc","Deer","not collected","Pathogen.cl","01-43MIDNRdeerAlc","USA","North America","USA:Michigan","not collected","not collected","not collected","not collected","bovine tuberculosis","","","","","","","","","","","","","","","","","","","","","","","",NA,"","",NA,"","","","","","","","","","","","","","","","","","","","","","","","","","","","",NA,"","","","","",""
"675","SRR8073635","WGS","SAMN10254824","USDA","public","sra","gs,ncbi,s3","gs.US,ncbi.public,s3.us-east-1","SRX4901517","Illumina MiSeq","PAIRED","RANDOM","GENOMIC","Mycobacterium tuberculosis variant bovis","ILLUMINA","2018-10-17T00:00:00Z","00-6095_MI_Alco_Beef_11","SRP053287","PRJNA251692",472,1067277336,681520768,"00-6095_MI_Alco_Beef_11","Bos taurus","not collected","Pathogen.cl","00-6095_MI_Alco_Beef_11","USA","North America","USA:Michigan","not collected","not collected","not collected","not collected","bovine tuberculosis","","","","","","","","","","","","","","","","","","","","","","","",NA,"","",NA,"","","","","","","","","","","","","","","","","","","","","","","","","","","","",NA,"","","","","",""
"676","SRR8073636","WGS","SAMN10254823","USDA","public","sra","gs,ncbi,s3","gs.US,ncbi.public,s3.us-east-1","SRX4901516","Illumina MiSeq","PAIRED","RANDOM","GENOMIC","Mycobacterium tuberculosis variant bovis","ILLUMINA","2018-10-17T00:00:00Z","00-5559_MI_Alco_Beef_9","SRP053287","PRJNA251692",441,773887879,513306323,"00-5559_MI_Alco_Beef_9","Bos taurus","not collected","Pathogen.cl","00-5559_MI_Alco_Beef_9","USA","North America","USA:Michigan","not collected","not collected","not collected","not collected","bovine tuberculosis","","","","","","","","","","","","","","","","","","","","","","","",NA,"","",NA,"","","","","","","","","","","","","","","","","","","","","","","","","","","","",NA,"","","","","",""
"677","SRR8073637","WGS","SAMN10254826","USDA","public","sra","gs,ncbi,s3","gs.US,ncbi.public,s3.us-east-1","SRX4901515","Illumina MiSeq","PAIRED","RANDOM","GENOMIC","Mycobacterium tuberculosis variant bovis","ILLUMINA","2018-10-17T00:00:00Z","01-32MIDNRdeerMontm","SRP053287","PRJNA251692",453,456570140,292207367,"01-32MIDNRdeerMontm","Deer","not collected","Pathogen.cl","01-32MIDNRdeerMontm","USA","North America","USA:Michigan","not collected","not collected","not collected","not collected","bovine tuberculosis","","","","","","","","","","","","","","","","","","","","","","","",NA,"","",NA,"","","","","","","","","","","","","","","","","","","","","","","","","","","","",NA,"","","","","",""
"678","SRR8073638","WGS","SAMN10254825","USDA","public","sra","gs,ncbi,s3","gs.US,ncbi.public,s3.us-east-1","SRX4901514","Illumina MiSeq","PAIRED","RANDOM","GENOMIC","Mycobacterium tuberculosis variant bovis","ILLUMINA","2018-10-17T00:00:00Z","01-20MIDNRdeerAlc","SRP053287","PRJNA251692",441,478787141,314585151,"01-20MIDNRdeerAlc","Deer","not collected","Pathogen.cl","01-20MIDNRdeerAlc","USA","North America","USA:Michigan","not collected","not collected","not collected","not collected","bovine tuberculosis","","","","","","","","","","","","","","","","","","","","","","","",NA,"","",NA,"","","","","","","","","","","","","","","","","","","","","","","","","","","","",NA,"","","","","",""
"679","SRR8073639","WGS","SAMN10254850","USDA","public","sra","gs,ncbi,s3","gs.US,ncbi.public,s3.us-east-1","SRX4901513","Illumina MiSeq","PAIRED","RANDOM","GENOMIC","Mycobacterium tuberculosis variant bovis","ILLUMINA","2018-10-17T00:00:00Z","13-11MIDNRdeerOsco","SRP053287","PRJNA251692",479,371691096,221839694,"13-11MIDNRdeerOsco","Deer","not collected","Pathogen.cl","13-11MIDNRdeerOsco","USA","North America","USA:Michigan","not collected","not collected","not collected","not collected","bovine tuberculosis","","","","","","","","","","","","","","","","","","","","","","","",NA,"","",NA,"","","","","","","","","","","","","","","","","","","","","","","","","","","","",NA,"","","","","",""
"680","SRR8073640","WGS","SAMN10254849","USDA","public","sra","gs,ncbi,s3","gs.US,ncbi.public,s3.us-east-1","SRX4901512","Illumina MiSeq","PAIRED","RANDOM","GENOMIC","Mycobacterium tuberculosis variant bovis","ILLUMINA","2018-10-17T00:00:00Z","08-7MIDNRdeerAlp","SRP053287","PRJNA251692",486,343665697,230107513,"08-7MIDNRdeerAlp","Deer","not collected","Pathogen.cl","08-7MIDNRdeerAlp","USA","North America","USA:Michigan","not collected","not collected","not collected","not collected","bovine tuberculosis","","","","","","","","","","","","","","","","","","","","","","","",NA,"","",NA,"","","","","","","","","","","","","","","","","","","","","","","","","","","","",NA,"","","","","",""
"681","SRR8073641","WGS","SAMN10254848","USDA","public","sra","gs,ncbi,s3","gs.US,ncbi.public,s3.us-east-1","SRX4901511","Illumina MiSeq","PAIRED","RANDOM","GENOMIC","Mycobacterium tuberculosis variant bovis","ILLUMINA","2018-10-17T00:00:00Z","08-5MIDNRdeerMontm","SRP053287","PRJNA251692",483,310034010,208357108,"08-5MIDNRdeerMontm","Deer","not collected","Pathogen.cl","08-5MIDNRdeerMontm","USA","North America","USA:Michigan","not collected","not collected","not collected","not collected","bovine tuberculosis","","","","","","","","","","","","","","","","","","","","","","","",NA,"","",NA,"","","","","","","","","","","","","","","","","","","","","","","","","","","","",NA,"","","","","",""
"682","SRR8073642","WGS","SAMN10254847","USDA","public","sra","gs,ncbi,s3","gs.US,ncbi.public,s3.us-east-1","SRX4901510","Illumina MiSeq","PAIRED","RANDOM","GENOMIC","Mycobacterium tuberculosis variant bovis","ILLUMINA","2018-10-17T00:00:00Z","08-4MIDNRdeerMontm","SRP053287","PRJNA251692",477,363812952,245283502,"08-4MIDNRdeerMontm","Deer","not collected","Pathogen.cl","08-4MIDNRdeerMontm","USA","North America","USA:Michigan","not collected","not collected","not collected","not collected","bovine tuberculosis","","","","","","","","","","","","","","","","","","","","","","","",NA,"","",NA,"","","","","","","","","","","","","","","","","","","","","","","","","","","","",NA,"","","","","",""
"683","SRR8073643","WGS","SAMN10254846","USDA","public","sra","gs,ncbi,s3","gs.US,ncbi.public,s3.us-east-1","SRX4901509","Illumina MiSeq","PAIRED","RANDOM","GENOMIC","Mycobacterium tuberculosis variant bovis","ILLUMINA","2018-10-17T00:00:00Z","08-2MIDNRdeerOsco","SRP053287","PRJNA251692",484,420087142,283387465,"08-2MIDNRdeerOsco","Deer","not collected","Pathogen.cl","08-2MIDNRdeerOsco","USA","North America","USA:Michigan","not collected","not collected","not collected","not collected","bovine tuberculosis","","","","","","","","","","","","","","","","","","","","","","","",NA,"","",NA,"","","","","","","","","","","","","","","","","","","","","","","","","","","","",NA,"","","","","",""
"684","SRR8073644","WGS","SAMN10254845","USDA","public","sra","gs,ncbi,s3","gs.US,ncbi.public,s3.us-east-1","SRX4901508","Illumina MiSeq","PAIRED","RANDOM","GENOMIC","Mycobacterium tuberculosis variant bovis","ILLUMINA","2018-10-17T00:00:00Z","07-28MIDNRdeerAlc","SRP053287","PRJNA251692",479,362336752,241272652,"07-28MIDNRdeerAlc","Deer","not collected","Pathogen.cl","07-28MIDNRdeerAlc","USA","North America","USA:Michigan","not collected","not collected","not collected","not collected","bovine tuberculosis","","","","","","","","","","","","","","","","","","","","","","","",NA,"","",NA,"","","","","","","","","","","","","","","","","","","","","","","","","","","","",NA,"","","","","",""
"685","SRR8073645","WGS","SAMN10254844","USDA","public","sra","gs,ncbi,s3","gs.US,ncbi.public,s3.us-east-1","SRX4901507","Illumina MiSeq","PAIRED","RANDOM","GENOMIC","Mycobacterium tuberculosis variant bovis","ILLUMINA","2018-10-17T00:00:00Z","07-1MIDNRdeerMontm-1","SRP053287","PRJNA251692",477,422386341,259198909,"07-1MIDNRdeerMontm-1","Deer","not collected","Pathogen.cl","07-1MIDNRdeerMontm-1","USA","North America","USA:Michigan","not collected","not collected","not collected","not collected","bovine tuberculosis","","","","","","","","","","","","","","","","","","","","","","","",NA,"","",NA,"","","","","","","","","","","","","","","","","","","","","","","","","","","","",NA,"","","","","",""
"686","SRR8073646","WGS","SAMN10254843","USDA","public","sra","gs,ncbi,s3","gs.US,ncbi.public,s3.us-east-1","SRX4901506","Illumina MiSeq","PAIRED","RANDOM","GENOMIC","Mycobacterium tuberculosis variant bovis","ILLUMINA","2018-10-17T00:00:00Z","07-13MIDNRdeerAlp","SRP053287","PRJNA251692",471,393744612,241327442,"07-13MIDNRdeerAlp","Deer","not collected","Pathogen.cl","07-13MIDNRdeerAlp","USA","North America","USA:Michigan","not collected","not collected","not collected","not collected","bovine tuberculosis","","","","","","","","","","","","","","","","","","","","","","","",NA,"","",NA,"","","","","","","","","","","","","","","","","","","","","","","","","","","","",NA,"","","","","",""
"687","SRR8073647","WGS","SAMN10254875","USDA","public","sra","gs,ncbi,s3","gs.US,ncbi.public,s3.us-east-1","SRX4901505","Illumina MiSeq","PAIRED","RANDOM","GENOMIC","Mycobacterium tuberculosis variant bovis","ILLUMINA","2018-10-17T00:00:00Z","98-16MIDNRdeerAlc","SRP053287","PRJNA251692",479,497312226,284306460,"98-16MIDNRdeerAlc","Deer","not collected","Pathogen.cl","98-16MIDNRdeerAlc","USA","North America","USA:Michigan","not collected","not collected","not collected","not collected","bovine tuberculosis","","","","","","","","","","","","","","","","","","","","","","","",NA,"","",NA,"","","","","","","","","","","","","","","","","","","","","","","","","","","","",NA,"","","","","",""
"688","SRR8073648","WGS","SAMN10254880","USDA","public","sra","gs,ncbi,s3","gs.US,ncbi.public,s3.us-east-1","SRX4901504","Illumina MiSeq","PAIRED","RANDOM","GENOMIC","Mycobacterium tuberculosis variant bovis","ILLUMINA","2018-10-17T00:00:00Z","98-38MIDNRdeerAlc","SRP053287","PRJNA251692",467,316658693,181649128,"98-38MIDNRdeerAlc","Deer","not collected","Pathogen.cl","98-38MIDNRdeerAlc","USA","North America","USA:Michigan","not collected","not collected","not collected","not collected","bovine tuberculosis","","","","","","","","","","","","","","","","","","","","","","","",NA,"","",NA,"","","","","","","","","","","","","","","","","","","","","","","","","","","","",NA,"","","","","",""
"689","SRR8073649","WGS","SAMN10254852","USDA","public","sra","gs,ncbi,s3","gs.US,ncbi.public,s3.us-east-1","SRX4901503","Illumina MiSeq","PAIRED","RANDOM","GENOMIC","Mycobacterium tuberculosis variant bovis","ILLUMINA","2018-10-17T00:00:00Z","13-6MIDNRdeerAlc","SRP053287","PRJNA251692",475,268411806,158978498,"13-6MIDNRdeerAlc","Deer","not collected","Pathogen.cl","13-6MIDNRdeerAlc","USA","North America","USA:Michigan","not collected","not collected","not collected","not collected","bovine tuberculosis","","","","","","","","","","","","","","","","","","","","","","","",NA,"","",NA,"","","","","","","","","","","","","","","","","","","","","","","","","","","","",NA,"","","","","",""
"690","SRR8073650","WGS","SAMN10254851","USDA","public","sra","gs,ncbi,s3","gs.US,ncbi.public,s3.us-east-1","SRX4901502","Illumina MiSeq","PAIRED","RANDOM","GENOMIC","Mycobacterium tuberculosis variant bovis","ILLUMINA","2018-10-17T00:00:00Z","13-20MIDNRdeerOsco","SRP053287","PRJNA251692",466,370860856,218330516,"13-20MIDNRdeerOsco","Deer","not collected","Pathogen.cl","13-20MIDNRdeerOsco","USA","North America","USA:Michigan","not collected","not collected","not collected","not collected","bovine tuberculosis","","","","","","","","","","","","","","","","","","","","","","","",NA,"","",NA,"","","","","","","","","","","","","","","","","","","","","","","","","","","","",NA,"","","","","",""
"691","SRR8073651","WGS","SAMN10254883","USDA","public","sra","gs,ncbi,s3","gs.US,ncbi.public,s3.us-east-1","SRX4901501","Illumina MiSeq","PAIRED","RANDOM","GENOMIC","Mycobacterium tuberculosis variant bovis","ILLUMINA","2018-10-17T00:00:00Z","98-5MIDNRdeerAlc-3","SRP053287","PRJNA251692",478,1095712709,825288927,"98-5MIDNRdeerAlc-3","Deer","not collected","Pathogen.cl","98-5MIDNRdeerAlc-3","USA","North America","USA:Michigan","not collected","not collected","not collected","not collected","bovine tuberculosis","","","","","","","","","","","","","","","","","","","","","","","",NA,"","",NA,"","","","","","","","","","","","","","","","","","","","","","","","","","","","",NA,"","","","","",""
"692","SRR8073652","WGS","SAMN10254872","USDA","public","sra","gs,ncbi,s3","gs.US,ncbi.public,s3.us-east-1","SRX4901500","Illumina MiSeq","PAIRED","RANDOM","GENOMIC","Mycobacterium tuberculosis variant bovis","ILLUMINA","2018-10-17T00:00:00Z","97-61MIDNRdeerMontm","SRP053287","PRJNA251692",476,554479825,321983142,"97-61MIDNRdeerMontm","Deer","not collected","Pathogen.cl","97-61MIDNRdeerMontm","USA","North America","USA:Michigan","not collected","not collected","not collected","not collected","bovine tuberculosis","","","","","","","","","","","","","","","","","","","","","","","",NA,"","",NA,"","","","","","","","","","","","","","","","","","","","","","","","","","","","",NA,"","","","","",""
"693","SRR8073653","WGS","SAMN10254879","USDA","public","sra","gs,ncbi,s3","gs.US,ncbi.public,s3.us-east-1","SRX4901499","Illumina MiSeq","PAIRED","RANDOM","GENOMIC","Mycobacterium tuberculosis variant bovis","ILLUMINA","2018-10-17T00:00:00Z","98-30MIDNRdeerAlc","SRP053287","PRJNA251692",478,229319514,153700593,"98-30MIDNRdeerAlc","Deer","not collected","Pathogen.cl","98-30MIDNRdeerAlc","USA","North America","USA:Michigan","not collected","not collected","not collected","not collected","bovine tuberculosis","","","","","","","","","","","","","","","","","","","","","","","",NA,"","",NA,"","","","","","","","","","","","","","","","","","","","","","","","","","","","",NA,"","","","","",""
"694","SRR8073654","WGS","SAMN10254871","USDA","public","sra","gs,ncbi,s3","gs.US,ncbi.public,s3.us-east-1","SRX4901498","Illumina MiSeq","PAIRED","RANDOM","GENOMIC","Mycobacterium tuberculosis variant bovis","ILLUMINA","2018-10-17T00:00:00Z","97-60MIDNRdeerAlp","SRP053287","PRJNA251692",474,407786885,269843398,"97-60MIDNRdeerAlp","Deer","not collected","Pathogen.cl","97-60MIDNRdeerAlp","USA","North America","USA:Michigan","not collected","not collected","not collected","not collected","bovine tuberculosis","","","","","","","","","","","","","","","","","","","","","","","",NA,"","",NA,"","","","","","","","","","","","","","","","","","","","","","","","","","","","",NA,"","","","","",""
"695","SRR8073655","WGS","SAMN10254820","USDA","public","sra","gs,ncbi,s3","gs.US,ncbi.public,s3.us-east-1","SRX4901497","Illumina MiSeq","PAIRED","RANDOM","GENOMIC","Mycobacterium tuberculosis variant bovis","ILLUMINA","2018-10-17T00:00:00Z","00-47MIDNRdeerMontm","SRP053287","PRJNA251692",480,307787273,217924851,"00-47MIDNRdeerMontm","Deer","not collected","Pathogen.cl","00-47MIDNRdeerMontm","USA","North America","USA:Michigan","not collected","not collected","not collected","not collected","bovine tuberculosis","","","","","","","","","","","","","","","","","","","","","","","",NA,"","",NA,"","","","","","","","","","","","","","","","","","","","","","","","","","","","",NA,"","","","","",""
"696","SRR8073656","WGS","SAMN10254819","USDA","public","sra","gs,ncbi,s3","gs.US,ncbi.public,s3.us-east-1","SRX4901496","Illumina MiSeq","PAIRED","RANDOM","GENOMIC","Mycobacterium tuberculosis variant bovis","ILLUMINA","2018-10-17T00:00:00Z","00-3MIDNRdeerMontm","SRP053287","PRJNA251692",457,611964203,374716786,"00-3MIDNRdeerMontm","Deer","not collected","Pathogen.cl","00-3MIDNRdeerMontm","USA","North America","USA:Michigan","not collected","not collected","not collected","not collected","bovine tuberculosis","","","","","","","","","","","","","","","","","","","","","","","",NA,"","",NA,"","","","","","","","","","","","","","","","","","","","","","","","","","","","",NA,"","","","","",""
"697","SRR8073657","WGS","SAMN10254818","USDA","public","sra","gs,ncbi,s3","gs.US,ncbi.public,s3.us-east-1","SRX4901495","Illumina MiSeq","PAIRED","RANDOM","GENOMIC","Mycobacterium tuberculosis variant bovis","ILLUMINA","2018-10-17T00:00:00Z","00-2MIDNRdeerOsco","SRP053287","PRJNA251692",479,273958711,192459843,"00-2MIDNRdeerOsco","Deer","not collected","Pathogen.cl","00-2MIDNRdeerOsco","USA","North America","USA:Michigan","not collected","not collected","not collected","not collected","bovine tuberculosis","","","","","","","","","","","","","","","","","","","","","","","",NA,"","",NA,"","","","","","","","","","","","","","","","","","","","","","","","","","","","",NA,"","","","","",""
"698","SRR8073658","WGS","SAMN10254817","USDA","public","sra","gs,ncbi,s3","gs.US,ncbi.public,s3.us-east-1","SRX4901494","Illumina MiSeq","PAIRED","RANDOM","GENOMIC","Mycobacterium tuberculosis variant bovis","ILLUMINA","2018-10-17T00:00:00Z","00-29MIDNRdeerAlc","SRP053287","PRJNA251692",479,316656489,223599800,"00-29MIDNRdeerAlc","Deer","not collected","Pathogen.cl","00-29MIDNRdeerAlc","USA","North America","USA:Michigan","not collected","not collected","not collected","not collected","bovine tuberculosis","","","","","","","","","","","","","","","","","","","","","","","",NA,"","",NA,"","","","","","","","","","","","","","","","","","","","","","","","","","","","",NA,"","","","","",""
"699","SRR8073659","WGS","SAMN10254816","USDA","public","sra","gs,ncbi,s3","gs.US,ncbi.public,s3.us-east-1","SRX4901493","Illumina MiSeq","PAIRED","RANDOM","GENOMIC","Mycobacterium tuberculosis variant bovis","ILLUMINA","2018-10-17T00:00:00Z","00-28MIDNRdeerEmm","SRP053287","PRJNA251692",468,362239871,249580440,"00-28MIDNRdeerEmm","Deer","not collected","Pathogen.cl","00-28MIDNRdeerEmm","USA","North America","USA:Michigan","not collected","not collected","not collected","not collected","bovine tuberculosis","","","","","","","","","","","","","","","","","","","","","","","",NA,"","",NA,"","","","","","","","","","","","","","","","","","","","","","","","","","","","",NA,"","","","","",""
"700","SRR8073660","WGS","SAMN10254815","USDA","public","sra","gs,ncbi,s3","gs.US,ncbi.public,s3.us-east-1","SRX4901492","Illumina MiSeq","PAIRED","RANDOM","GENOMIC","Mycobacterium tuberculosis variant bovis","ILLUMINA","2018-10-17T00:00:00Z","00-26MIDNRdeerAlp","SRP053287","PRJNA251692",476,450596350,322475566,"00-26MIDNRdeerAlp","Deer","not collected","Pathogen.cl","00-26MIDNRdeerAlp","USA","North America","USA:Michigan","not collected","not collected","not collected","not collected","bovine tuberculosis","","","","","","","","","","","","","","","","","","","","","","","",NA,"","",NA,"","","","","","","","","","","","","","","","","","","","","","","","","","","","",NA,"","","","","",""
"701","SRR8073661","WGS","SAMN10254814","USDA","public","sra","gs,ncbi,s3","gs.US,ncbi.public,s3.us-east-1","SRX4901491","Illumina MiSeq","PAIRED","RANDOM","GENOMIC","Mycobacterium tuberculosis variant bovis","ILLUMINA","2018-10-17T00:00:00Z","00-25MIDNRdeerAlc","SRP053287","PRJNA251692",480,211277760,151655564,"00-25MIDNRdeerAlc","Deer","not collected","Pathogen.cl","00-25MIDNRdeerAlc","USA","North America","USA:Michigan","not collected","not collected","not collected","not collected","bovine tuberculosis","","","","","","","","","","","","","","","","","","","","","","","",NA,"","",NA,"","","","","","","","","","","","","","","","","","","","","","","","","","","","",NA,"","","","","",""
"702","SRR8073662","WGS","SAMN10254813","USDA","public","sra","gs,ncbi,s3","gs.US,ncbi.public,s3.us-east-1","SRX4901490","Illumina MiSeq","PAIRED","RANDOM","GENOMIC","Mycobacterium tuberculosis variant bovis","ILLUMINA","2018-10-17T00:00:00Z","00-1MIDNRdeerAlc","SRP053287","PRJNA251692",480,297037238,209972086,"00-1MIDNRdeerAlc","Deer","not collected","Pathogen.cl","00-1MIDNRdeerAlc","USA","North America","USA:Michigan","not collected","not collected","not collected","not collected","bovine tuberculosis","","","","","","","","","","","","","","","","","","","","","","","",NA,"","",NA,"","","","","","","","","","","","","","","","","","","","","","","","","","","","",NA,"","","","","",""
"703","SRR8073663","WGS","SAMN10254890","USDA","public","sra","gs,ncbi,s3","gs.US,ncbi.public,s3.us-east-1","SRX4901489","Illumina MiSeq","PAIRED","RANDOM","GENOMIC","Mycobacterium tuberculosis variant bovis","ILLUMINA","2018-10-17T00:00:00Z","99-24MIDNRdeerAlc","SRP053287","PRJNA251692",481,570513228,385091761,"99-24MIDNRdeerAlc","Deer","not collected","Pathogen.cl","99-24MIDNRdeerAlc","USA","North America","USA:Michigan","not collected","not collected","not collected","not collected","bovine tuberculosis","","","","","","","","","","","","","","","","","","","","","","","",NA,"","",NA,"","","","","","","","","","","","","","","","","","","","","","","","","","","","",NA,"","","","","",""
"704","SRR8073664","WGS","SAMN10254876","USDA","public","sra","gs,ncbi,s3","gs.US,ncbi.public,s3.us-east-1","SRX4901488","Illumina MiSeq","PAIRED","RANDOM","GENOMIC","Mycobacterium tuberculosis variant bovis","ILLUMINA","2018-10-17T00:00:00Z","98-20MIDNRdeerAlp","SRP053287","PRJNA251692",474,533076293,327767332,"98-20MIDNRdeerAlp","Deer","not collected","Pathogen.cl","98-20MIDNRdeerAlp","USA","North America","USA:Michigan","not collected","not collected","not collected","not collected","bovine tuberculosis","","","","","","","","","","","","","","","","","","","","","","","",NA,"","",NA,"","","","","","","","","","","","","","","","","","","","","","","","","","","","",NA,"","","","","",""
"705","SRR8073665","WGS","SAMN10254822","USDA","public","sra","gs,ncbi,s3","gs.US,ncbi.public,s3.us-east-1","SRX4901487","Illumina MiSeq","PAIRED","RANDOM","GENOMIC","Mycobacterium tuberculosis variant bovis","ILLUMINA","2018-10-17T00:00:00Z","00-53MIDNRdeerAlc","SRP053287","PRJNA251692",293,342721806,215506447,"00-53MIDNRdeerAlc","Deer","not collected","Pathogen.cl","00-53MIDNRdeerAlc","USA","North America","USA:Michigan","not collected","not collected","not collected","not collected","bovine tuberculosis","","","","","","","","","","","","","","","","","","","","","","","",NA,"","",NA,"","","","","","","","","","","","","","","","","","","","","","","","","","","","",NA,"","","","","",""
"706","SRR8073666","WGS","SAMN10254821","USDA","public","sra","gs,ncbi,s3","gs.US,ncbi.public,s3.us-east-1","SRX4901486","Illumina MiSeq","PAIRED","RANDOM","GENOMIC","Mycobacterium tuberculosis variant bovis","ILLUMINA","2018-10-17T00:00:00Z","00-51MIDNRdeerAlp","SRP053287","PRJNA251692",293,440748449,275833591,"00-51MIDNRdeerAlp","Deer","not collected","Pathogen.cl","00-51MIDNRdeerAlp","USA","North America","USA:Michigan","not collected","not collected","not collected","not collected","bovine tuberculosis","","","","","","","","","","","","","","","","","","","","","","","",NA,"","",NA,"","","","","","","","","","","","","","","","","","","","","","","","","","","","",NA,"","","","","",""
"707","SRR8073667","WGS","SAMN10254855","USDA","public","sra","gs,ncbi,s3","gs.US,ncbi.public,s3.us-east-1","SRX4901485","Illumina MiSeq","PAIRED","RANDOM","GENOMIC","Mycobacterium tuberculosis variant bovis","ILLUMINA","2018-10-17T00:00:00Z","96-38MIDNRdeerAlp","SRP053287","PRJNA251692",470,451799966,267452091,"96-38MIDNRdeerAlp","Deer","not collected","Pathogen.cl","96-38MIDNRdeerAlp","USA","North America","USA:Michigan","not collected","not collected","not collected","not collected","bovine tuberculosis","","","","","","","","","","","","","","","","","","","","","","","",NA,"","",NA,"","","","","","","","","","","","","","","","","","","","","","","","","","","","",NA,"","","","","",""
"708","SRR8073668","WGS","SAMN10254856","USDA","public","sra","gs,ncbi,s3","gs.US,ncbi.public,s3.us-east-1","SRX4901484","Illumina MiSeq","PAIRED","RANDOM","GENOMIC","Mycobacterium tuberculosis variant bovis","ILLUMINA","2018-10-17T00:00:00Z","96-46MIDNRdeerAlc","SRP053287","PRJNA251692",467,493760058,296639641,"96-46MIDNRdeerAlc","Deer","not collected","Pathogen.cl","96-46MIDNRdeerAlc","USA","North America","USA:Michigan","not collected","not collected","not collected","not collected","bovine tuberculosis","","","","","","","","","","","","","","","","","","","","","","","",NA,"","",NA,"","","","","","","","","","","","","","","","","","","","","","","","","","","","",NA,"","","","","",""
"709","SRR8073669","WGS","SAMN10254853","USDA","public","sra","gs,ncbi,s3","gs.US,ncbi.public,s3.us-east-1","SRX4901483","Illumina MiSeq","PAIRED","RANDOM","GENOMIC","Mycobacterium tuberculosis variant bovis","ILLUMINA","2018-10-17T00:00:00Z","96-20MIDNRdeerAlp","SRP053287","PRJNA251692",471,129894053,66989233,"96-20MIDNRdeerAlp","Deer","not collected","Pathogen.cl","96-20MIDNRdeerAlp","USA","North America","USA:Michigan","not collected","not collected","not collected","not collected","bovine tuberculosis","","","","","","","","","","","","","","","","","","","","","","","",NA,"","",NA,"","","","","","","","","","","","","","","","","","","","","","","","","","","","",NA,"","","","","",""
"710","SRR8073670","WGS","SAMN10254854","USDA","public","sra","gs,ncbi,s3","gs.US,ncbi.public,s3.us-east-1","SRX4901482","Illumina MiSeq","PAIRED","RANDOM","GENOMIC","Mycobacterium tuberculosis variant bovis","ILLUMINA","2018-10-17T00:00:00Z","96-32MIDNRdeerAlp","SRP053287","PRJNA251692",478,501410945,293311536,"96-32MIDNRdeerAlp","Deer","not collected","Pathogen.cl","96-32MIDNRdeerAlp","USA","North America","USA:Michigan","not collected","not collected","not collected","not collected","bovine tuberculosis","","","","","","","","","","","","","","","","","","","","","","","",NA,"","",NA,"","","","","","","","","","","","","","","","","","","","","","","","","","","","",NA,"","","","","",""
"711","SRR8073671","WGS","SAMN10254859","USDA","public","sra","gs,ncbi,s3","gs.US,ncbi.public,s3.us-east-1","SRX4901481","Illumina MiSeq","PAIRED","RANDOM","GENOMIC","Mycobacterium tuberculosis variant bovis","ILLUMINA","2018-10-17T00:00:00Z","96-58MIDNRdeerAlc","SRP053287","PRJNA251692",469,589483329,371287876,"96-58MIDNRdeerAlc","Deer","not collected","Pathogen.cl","96-58MIDNRdeerAlc","USA","North America","USA:Michigan","not collected","not collected","not collected","not collected","bovine tuberculosis","","","","","","","","","","","","","","","","","","","","","","","",NA,"","",NA,"","","","","","","","","","","","","","","","","","","","","","","","","","","","",NA,"","","","","",""
"712","SRR8073672","WGS","SAMN10254860","USDA","public","sra","gs,ncbi,s3","gs.US,ncbi.public,s3.us-east-1","SRX4901480","Illumina MiSeq","PAIRED","RANDOM","GENOMIC","Mycobacterium tuberculosis variant bovis","ILLUMINA","2018-10-17T00:00:00Z","96-72MIDNRdeerOsco","SRP053287","PRJNA251692",469,453130861,274149498,"96-72MIDNRdeerOsco","Deer","not collected","Pathogen.cl","96-72MIDNRdeerOsco","USA","North America","USA:Michigan","not collected","not collected","not collected","not collected","bovine tuberculosis","","","","","","","","","","","","","","","","","","","","","","","",NA,"","",NA,"","","","","","","","","","","","","","","","","","","","","","","","","","","","",NA,"","","","","",""
"713","SRR8073673","WGS","SAMN10254857","USDA","public","sra","gs,ncbi,s3","gs.US,ncbi.public,s3.us-east-1","SRX4901479","Illumina MiSeq","PAIRED","RANDOM","GENOMIC","Mycobacterium tuberculosis variant bovis","ILLUMINA","2018-10-17T00:00:00Z","96-47MIDNRdeerMontm","SRP053287","PRJNA251692",477,352651893,209211746,"96-47MIDNRdeerMontm","Deer","not collected","Pathogen.cl","96-47MIDNRdeerMontm","USA","North America","USA:Michigan","not collected","not collected","not collected","not collected","bovine tuberculosis","","","","","","","","","","","","","","","","","","","","","","","",NA,"","",NA,"","","","","","","","","","","","","","","","","","","","","","","","","","","","",NA,"","","","","",""
"714","SRR8073674","WGS","SAMN10254858","USDA","public","sra","gs,ncbi,s3","gs.US,ncbi.public,s3.us-east-1","SRX4901478","Illumina MiSeq","PAIRED","RANDOM","GENOMIC","Mycobacterium tuberculosis variant bovis","ILLUMINA","2018-10-17T00:00:00Z","96-57MIDNRdeerAlc","SRP053287","PRJNA251692",471,531957714,310566183,"96-57MIDNRdeerAlc","Deer","not collected","Pathogen.cl","96-57MIDNRdeerAlc","USA","North America","USA:Michigan","not collected","not collected","not collected","not collected","bovine tuberculosis","","","","","","","","","","","","","","","","","","","","","","","",NA,"","",NA,"","","","","","","","","","","","","","","","","","","","","","","","","","","","",NA,"","","","","",""
"715","SRR8073675","WGS","SAMN10254888","USDA","public","sra","gs,ncbi,s3","gs.US,ncbi.public,s3.us-east-1","SRX4901477","Illumina MiSeq","PAIRED","RANDOM","GENOMIC","Mycobacterium tuberculosis variant bovis","ILLUMINA","2018-10-17T00:00:00Z","99-21MIDNRdeerAlc","SRP053287","PRJNA251692",486,415450901,291769061,"99-21MIDNRdeerAlc","Deer","not collected","Pathogen.cl","99-21MIDNRdeerAlc","USA","North America","USA:Michigan","not collected","not collected","not collected","not collected","bovine tuberculosis","","","","","","","","","","","","","","","","","","","","","","","",NA,"","",NA,"","","","","","","","","","","","","","","","","","","","","","","","","","","","",NA,"","","","","",""
"716","SRR8073676","WGS","SAMN10254886","USDA","public","sra","gs,ncbi,s3","gs.US,ncbi.public,s3.us-east-1","SRX4901476","Illumina MiSeq","PAIRED","RANDOM","GENOMIC","Mycobacterium tuberculosis variant bovis","ILLUMINA","2018-10-17T00:00:00Z","99-17MIDNRdeerOsco","SRP053287","PRJNA251692",477,437868769,274329346,"99-17MIDNRdeerOsco","Deer","not collected","Pathogen.cl","99-17MIDNRdeerOsco","USA","North America","USA:Michigan","not collected","not collected","not collected","not collected","bovine tuberculosis","","","","","","","","","","","","","","","","","","","","","","","",NA,"","",NA,"","","","","","","","","","","","","","","","","","","","","","","","","","","","",NA,"","","","","",""
"717","SRR8073677","WGS","SAMN10254861","USDA","public","sra","gs,ncbi,s3","gs.US,ncbi.public,s3.us-east-1","SRX4901475","Illumina MiSeq","PAIRED","RANDOM","GENOMIC","Mycobacterium tuberculosis variant bovis","ILLUMINA","2018-10-17T00:00:00Z","97-22MIDNRdeerAlc","SRP053287","PRJNA251692",478,396600565,239084617,"97-22MIDNRdeerAlc","Deer","not collected","Pathogen.cl","97-22MIDNRdeerAlc","USA","North America","USA:Michigan","not collected","not collected","not collected","not collected","bovine tuberculosis","","","","","","","","","","","","","","","","","","","","","","","",NA,"","",NA,"","","","","","","","","","","","","","","","","","","","","","","","","","","","",NA,"","","","","",""
"718","SRR8073678","WGS","SAMN10254862","USDA","public","sra","gs,ncbi,s3","gs.US,ncbi.public,s3.us-east-1","SRX4901474","Illumina MiSeq","PAIRED","RANDOM","GENOMIC","Mycobacterium tuberculosis variant bovis","ILLUMINA","2018-10-17T00:00:00Z","97-33MIDNRdeerAlp","SRP053287","PRJNA251692",470,172377970,86334180,"97-33MIDNRdeerAlp","Deer","not collected","Pathogen.cl","97-33MIDNRdeerAlp","USA","North America","USA:Michigan","not collected","not collected","not collected","not collected","bovine tuberculosis","","","","","","","","","","","","","","","","","","","","","","","",NA,"","",NA,"","","","","","","","","","","","","","","","","","","","","","","","","","","","",NA,"","","","","",""
"719","SRR8073679","WGS","SAMN10254881","USDA","public","sra","gs,ncbi,s3","gs.US,ncbi.public,s3.us-east-1","SRX4901473","Illumina MiSeq","PAIRED","RANDOM","GENOMIC","Mycobacterium tuberculosis variant bovis","ILLUMINA","2018-10-17T00:00:00Z","98-54MIDNRdeerAlp","SRP053287","PRJNA251692",470,418506631,270140364,"98-54MIDNRdeerAlp","Deer","not collected","Pathogen.cl","98-54MIDNRdeerAlp","USA","North America","USA:Michigan","not collected","not collected","not collected","not collected","bovine tuberculosis","","","","","","","","","","","","","","","","","","","","","","","",NA,"","",NA,"","","","","","","","","","","","","","","","","","","","","","","","","","","","",NA,"","","","","",""
"720","SRR8073680","WGS","SAMN10254882","USDA","public","sra","gs,ncbi,s3","gs.US,ncbi.public,s3.us-east-1","SRX4901472","Illumina MiSeq","PAIRED","RANDOM","GENOMIC","Mycobacterium tuberculosis variant bovis","ILLUMINA","2018-10-17T00:00:00Z","98-5MIDNRdeerAlc-2","SRP053287","PRJNA251692",474,492029391,302275980,"98-5MIDNRdeerAlc-2","Deer","not collected","Pathogen.cl","98-5MIDNRdeerAlc-2","USA","North America","USA:Michigan","not collected","not collected","not collected","not collected","bovine tuberculosis","","","","","","","","","","","","","","","","","","","","","","","",NA,"","",NA,"","","","","","","","","","","","","","","","","","","","","","","","","","","","",NA,"","","","","",""
"721","SRR8073681","WGS","SAMN10254887","USDA","public","sra","gs,ncbi,s3","gs.US,ncbi.public,s3.us-east-1","SRX4901471","Illumina MiSeq","PAIRED","RANDOM","GENOMIC","Mycobacterium tuberculosis variant bovis","ILLUMINA","2018-10-17T00:00:00Z","99-19MIDNRdeerAnt","SRP053287","PRJNA251692",462,818307170,553381283,"99-19MIDNRdeerAnt","Deer","not collected","Pathogen.cl","99-19MIDNRdeerAnt","USA","North America","USA:Michigan","not collected","not collected","not collected","not collected","bovine tuberculosis","","","","","","","","","","","","","","","","","","","","","","","",NA,"","",NA,"","","","","","","","","","","","","","","","","","","","","","","","","","","","",NA,"","","","","",""
"3981","SRR5817668","WGS","SAMN07340010","USDA-NVSL-DBL","public","sra","gs,ncbi,s3","gs.US,ncbi.public,s3.us-east-1","SRX2996014","Illumina MiSeq","PAIRED","RANDOM","GENOMIC","Mycobacterium tuberculosis variant bovis","ILLUMINA","2017-07-11T00:00:00Z","06-33MIDNRdeerMontm","SRP053287","PRJNA251692",478,425990395,259861831,"06-33MIDNRdeerMontm","Deer","not collected","Pathogen.cl","06-33MIDNRdeerMontm","USA","North America","USA:MIchigan","not collected","not collected","not collected","not collected","bovine tuberculosis","","","","","","","","","","","","","","","","","","","","","","","",NA,"","",NA,"","","","","","","","","","","","","","","","","","","","","","","","","","","","",NA,"","","","","",""
"3982","SRR5817669","WGS","SAMN07340009","USDA-NVSL-DBL","public","sra","gs,ncbi,s3","gs.US,ncbi.public,s3.us-east-1","SRX2996013","Illumina MiSeq","PAIRED","RANDOM","GENOMIC","Mycobacterium tuberculosis variant bovis","ILLUMINA","2017-07-11T00:00:00Z","04-8160","SRP053287","PRJNA251692",468,741266469,493417321,"04-8160","Cattle:Dairy","not collected","Pathogen.cl","04-8160","USA","North America","USA:MIchigan","not collected","not collected","not collected","not collected","bovine tuberculosis","","","","","","","","","","","","","","","","","","","","","","","",NA,"","",NA,"","","","","","","","","","","","","","","","","","","","","","","","","","","","",NA,"","","","","",""
"3983","SRR5817670","WGS","SAMN07340012","USDA-NVSL-DBL","public","sra","gs,ncbi,s3","gs.US,ncbi.public,s3.us-east-1","SRX2996012","Illumina MiSeq","PAIRED","RANDOM","GENOMIC","Mycobacterium tuberculosis variant bovis","ILLUMINA","2017-07-11T00:00:00Z","06-44MIDNRdeerAlp","SRP053287","PRJNA251692",473,454676958,283164354,"06-44MIDNRdeerAlp","Deer","not collected","Pathogen.cl","06-44MIDNRdeerAlp","USA","North America","USA:MIchigan","not collected","not collected","not collected","not collected","bovine tuberculosis","","","","","","","","","","","","","","","","","","","","","","","",NA,"","",NA,"","","","","","","","","","","","","","","","","","","","","","","","","","","","",NA,"","","","","",""
"3984","SRR5817671","WGS","SAMN07340011","USDA-NVSL-DBL","public","sra","gs,ncbi,s3","gs.US,ncbi.public,s3.us-east-1","SRX2996011","Illumina MiSeq","PAIRED","RANDOM","GENOMIC","Mycobacterium tuberculosis variant bovis","ILLUMINA","2017-07-11T00:00:00Z","06-35MIDNRdeerAlp","SRP053287","PRJNA251692",478,403754868,253289654,"06-35MIDNRdeerAlp","Deer","not collected","Pathogen.cl","06-35MIDNRdeerAlp","USA","North America","USA:MIchigan","not collected","not collected","not collected","not collected","bovine tuberculosis","","","","","","","","","","","","","","","","","","","","","","","",NA,"","",NA,"","","","","","","","","","","","","","","","","","","","","","","","","","","","",NA,"","","","","",""
"3985","SRR5817672","WGS","SAMN07340014","USDA-NVSL-DBL","public","sra","gs,ncbi,s3","gs.US,ncbi.public,s3.us-east-1","SRX2996010","Illumina MiSeq","PAIRED","RANDOM","GENOMIC","Mycobacterium tuberculosis variant bovis","ILLUMINA","2017-07-11T00:00:00Z","07-30MIDNRdeerMontm","SRP053287","PRJNA251692",479,485188161,305233916,"07-30MIDNRdeerMontm","Deer","not collected","Pathogen.cl","07-30MIDNRdeerMontm","USA","North America","USA:MIchigan","not collected","not collected","not collected","not collected","bovine tuberculosis","","","","","","","","","","","","","","","","","","","","","","","",NA,"","",NA,"","","","","","","","","","","","","","","","","","","","","","","","","","","","",NA,"","","","","",""
"3986","SRR5817673","WGS","SAMN07340013","USDA-NVSL-DBL","public","sra","gs,ncbi,s3","gs.US,ncbi.public,s3.us-east-1","SRX2996009","Illumina MiSeq","PAIRED","RANDOM","GENOMIC","Mycobacterium tuberculosis variant bovis","ILLUMINA","2017-07-11T00:00:00Z","06-45MIDNRelkMontm","SRP053287","PRJNA251692",475,391435140,237301561,"06-45MIDNRelkMontm","Elk","not collected","Pathogen.cl","06-45MIDNRelkMontm","USA","North America","USA:MIchigan","not collected","not collected","not collected","not collected","bovine tuberculosis","","","","","","","","","","","","","","","","","","","","","","","",NA,"","",NA,"","","","","","","","","","","","","","","","","","","","","","","","","","","","",NA,"","","","","",""
"3987","SRR5817674","WGS","SAMN07340008","USDA-NVSL-DBL","public","sra","gs,ncbi,s3","gs.US,ncbi.public,s3.us-east-1","SRX2996008","Illumina MiSeq","PAIRED","RANDOM","GENOMIC","Mycobacterium tuberculosis variant bovis","ILLUMINA","2017-07-11T00:00:00Z","04-8159","SRP053287","PRJNA251692",444,1042203427,686168639,"04-8159","Cattle:Dairy","not collected","Pathogen.cl","04-8159","USA","North America","USA:MIchigan","not collected","not collected","not collected","not collected","bovine tuberculosis","","","","","","","","","","","","","","","","","","","","","","","",NA,"","",NA,"","","","","","","","","","","","","","","","","","","","","","","","","","","","",NA,"","","","","",""
"3988","SRR5817675","WGS","SAMN07340007","USDA-NVSL-DBL","public","sra","gs,ncbi,s3","gs.US,ncbi.public,s3.us-east-1","SRX2996007","Illumina MiSeq","PAIRED","RANDOM","GENOMIC","Mycobacterium tuberculosis variant bovis","ILLUMINA","2017-07-11T00:00:00Z","04-8158","SRP053287","PRJNA251692",449,1166349580,782391871,"04-8158","Cattle:Dairy","not collected","Pathogen.cl","04-8158","USA","North America","USA:MIchigan","not collected","not collected","not collected","not collected","bovine tuberculosis","","","","","","","","","","","","","","","","","","","","","","","",NA,"","",NA,"","","","","","","","","","","","","","","","","","","","","","","","","","","","",NA,"","","","","",""
"3989","SRR5817676","WGS","SAMN07339996","USDA-NVSL-DBL","public","sra","gs,ncbi,s3","gs.US,ncbi.public,s3.us-east-1","SRX2996006","Illumina MiSeq","PAIRED","RANDOM","GENOMIC","Mycobacterium tuberculosis variant bovis","ILLUMINA","2017-07-11T00:00:00Z","03-20MIDNRdeerOsco","SRP053287","PRJNA251692",475,420896971,253634257,"03-20MIDNRdeerOsco","Deer","not collected","Pathogen.cl","03-20MIDNRdeerOsco","USA","North America","USA:MIchigan","not collected","not collected","not collected","not collected","bovine tuberculosis","","","","","","","","","","","","","","","","","","","","","","","",NA,"","",NA,"","","","","","","","","","","","","","","","","","","","","","","","","","","","",NA,"","","","","",""
"3990","SRR5817677","WGS","SAMN07339995","USDA-NVSL-DBL","public","sra","gs,ncbi,s3","gs.US,ncbi.public,s3.us-east-1","SRX2996005","Illumina MiSeq","PAIRED","RANDOM","GENOMIC","Mycobacterium tuberculosis variant bovis","ILLUMINA","2017-07-11T00:00:00Z","03-10MIDNRdeerMontm","SRP053287","PRJNA251692",470,401562683,239402909,"03-10MIDNRdeerMontm","Deer","not collected","Pathogen.cl","03-10MIDNRdeerMontm","USA","North America","USA:MIchigan","not collected","not collected","not collected","not collected","bovine tuberculosis","","","","","","","","","","","","","","","","","","","","","","","",NA,"","",NA,"","","","","","","","","","","","","","","","","","","","","","","","","","","","",NA,"","","","","",""
"3991","SRR5817678","WGS","SAMN07339994","USDA-NVSL-DBL","public","sra","gs,ncbi,s3","gs.US,ncbi.public,s3.us-east-1","SRX2996004","Illumina MiSeq","PAIRED","RANDOM","GENOMIC","Mycobacterium tuberculosis variant bovis","ILLUMINA","2017-07-11T00:00:00Z","02-5MIDNRdeerAlc","SRP053287","PRJNA251692",473,411056410,266627227,"02-5MIDNRdeerAlc","Deer","not collected","Pathogen.cl","02-5MIDNRdeerAlc","USA","North America","USA:MIchigan","not collected","not collected","not collected","not collected","bovine tuberculosis","","","","","","","","","","","","","","","","","","","","","","","",NA,"","",NA,"","","","","","","","","","","","","","","","","","","","","","","","","","","","",NA,"","","","","",""
"3992","SRR5817679","WGS","SAMN07339993","USDA-NVSL-DBL","public","sra","gs,ncbi,s3","gs.US,ncbi.public,s3.us-east-1","SRX2996003","Illumina MiSeq","PAIRED","RANDOM","GENOMIC","Mycobacterium tuberculosis variant bovis","ILLUMINA","2017-07-11T00:00:00Z","02-3MIDNRdeerMontm","SRP053287","PRJNA251692",468,445433395,274079738,"02-3MIDNRdeerMontm","Deer","not collected","Pathogen.cl","02-3MIDNRdeerMontm","USA","North America","USA:MIchigan","not collected","not collected","not collected","not collected","bovine tuberculosis","","","","","","","","","","","","","","","","","","","","","","","",NA,"","",NA,"","","","","","","","","","","","","","","","","","","","","","","","","","","","",NA,"","","","","",""
"3993","SRR5817680","WGS","SAMN07339992","USDA-NVSL-DBL","public","sra","gs,ncbi,s3","gs.US,ncbi.public,s3.us-east-1","SRX2996002","Illumina MiSeq","PAIRED","RANDOM","GENOMIC","Mycobacterium tuberculosis variant bovis","ILLUMINA","2017-07-11T00:00:00Z","01-8MIDNRdeerAlp","SRP053287","PRJNA251692",479,415575268,258212521,"01-8MIDNRdeerAlp","Deer","not collected","Pathogen.cl","01-8MIDNRdeerAlp","USA","North America","USA:MIchigan","not collected","not collected","not collected","not collected","bovine tuberculosis","","","","","","","","","","","","","","","","","","","","","","","",NA,"","",NA,"","","","","","","","","","","","","","","","","","","","","","","","","","","","",NA,"","","","","",""
"3994","SRR5817681","WGS","SAMN07339991","USDA-NVSL-DBL","public","sra","gs,ncbi,s3","gs.US,ncbi.public,s3.us-east-1","SRX2996001","Illumina MiSeq","PAIRED","RANDOM","GENOMIC","Mycobacterium tuberculosis variant bovis","ILLUMINA","2017-07-11T00:00:00Z","01-61MIDNRelkMontm","SRP053287","PRJNA251692",476,373714268,230299742,"01-61MIDNRelkMontm","Elk","not collected","Pathogen.cl","01-61MIDNRelkMontm","USA","North America","USA:MIchigan","not collected","not collected","not collected","not collected","bovine tuberculosis","","","","","","","","","","","","","","","","","","","","","","","",NA,"","",NA,"","","","","","","","","","","","","","","","","","","","","","","","","","","","",NA,"","","","","",""
"3995","SRR5817682","WGS","SAMN07339990","USDA-NVSL-DBL","public","sra","gs,ncbi,s3","gs.US,ncbi.public,s3.us-east-1","SRX2996000","Illumina MiSeq","PAIRED","RANDOM","GENOMIC","Mycobacterium tuberculosis variant bovis","ILLUMINA","2017-07-11T00:00:00Z","01-4MIDNRdeerMontm","SRP053287","PRJNA251692",474,445755124,290387825,"01-4MIDNRdeerMontm","Deer","not collected","Pathogen.cl","01-4MIDNRdeerMontm","USA","North America","USA:MIchigan","not collected","not collected","not collected","not collected","bovine tuberculosis","","","","","","","","","","","","","","","","","","","","","","","",NA,"","",NA,"","","","","","","","","","","","","","","","","","","","","","","","","","","","",NA,"","","","","",""
"3996","SRR5817683","WGS","SAMN07339989","USDA-NVSL-DBL","public","sra","gs,ncbi,s3","gs.US,ncbi.public,s3.us-east-1","SRX2995999","Illumina MiSeq","PAIRED","RANDOM","GENOMIC","Mycobacterium tuberculosis variant bovis","ILLUMINA","2017-07-11T00:00:00Z","01-45MIDNRdeerPI","SRP053287","PRJNA251692",468,336113919,206289401,"01-45MIDNRdeerPI","Deer","not collected","Pathogen.cl","01-45MIDNRdeerPI","USA","North America","USA:MIchigan","not collected","not collected","not collected","not collected","bovine tuberculosis","","","","","","","","","","","","","","","","","","","","","","","",NA,"","",NA,"","","","","","","","","","","","","","","","","","","","","","","","","","","","",NA,"","","","","",""
"3997","SRR5817684","WGS","SAMN07339988","USDA-NVSL-DBL","public","sra","gs,ncbi,s3","gs.US,ncbi.public,s3.us-east-1","SRX2995998","Illumina MiSeq","PAIRED","RANDOM","GENOMIC","Mycobacterium tuberculosis variant bovis","ILLUMINA","2017-07-11T00:00:00Z","01-44MIDNRdeerMontm","SRP053287","PRJNA251692",477,374213978,230557254,"01-44MIDNRdeerMontm","Deer","not collected","Pathogen.cl","01-44MIDNRdeerMontm","USA","North America","USA:MIchigan","not collected","not collected","not collected","not collected","bovine tuberculosis","","","","","","","","","","","","","","","","","","","","","","","",NA,"","",NA,"","","","","","","","","","","","","","","","","","","","","","","","","","","","",NA,"","","","","",""
"3998","SRR5817685","WGS","SAMN07339987","USDA-NVSL-DBL","public","sra","gs,ncbi,s3","gs.US,ncbi.public,s3.us-east-1","SRX2995997","Illumina MiSeq","PAIRED","RANDOM","GENOMIC","Mycobacterium tuberculosis variant bovis","ILLUMINA","2017-07-11T00:00:00Z","01-39MIDNRdeerMontm","SRP053287","PRJNA251692",479,426430681,264630149,"01-39MIDNRdeerMontm","Deer","not collected","Pathogen.cl","01-39MIDNRdeerMontm","USA","North America","USA:MIchigan","not collected","not collected","not collected","not collected","bovine tuberculosis","","","","","","","","","","","","","","","","","","","","","","","",NA,"","",NA,"","","","","","","","","","","","","","","","","","","","","","","","","","","","",NA,"","","","","",""
"3999","SRR5817686","WGS","SAMN07339986","USDA-NVSL-DBL","public","sra","gs,ncbi,s3","gs.US,ncbi.public,s3.us-east-1","SRX2995996","Illumina MiSeq","PAIRED","RANDOM","GENOMIC","Mycobacterium tuberculosis variant bovis","ILLUMINA","2017-07-11T00:00:00Z","01-38MIDNRdeerMontm","SRP053287","PRJNA251692",478,280435710,170097023,"01-38MIDNRdeerMontm","Deer","not collected","Pathogen.cl","01-38MIDNRdeerMontm","USA","North America","USA:MIchigan","not collected","not collected","not collected","not collected","bovine tuberculosis","","","","","","","","","","","","","","","","","","","","","","","",NA,"","",NA,"","","","","","","","","","","","","","","","","","","","","","","","","","","","",NA,"","","","","",""
"4000","SRR5817687","WGS","SAMN07339985","USDA-NVSL-DBL","public","sra","gs,ncbi,s3","gs.US,ncbi.public,s3.us-east-1","SRX2995995","Illumina MiSeq","PAIRED","RANDOM","GENOMIC","Mycobacterium tuberculosis variant bovis","ILLUMINA","2017-07-11T00:00:00Z","00-5MIDNRdeerOts","SRP053287","PRJNA251692",472,472999523,287471547,"00-5MIDNRdeerOts","Deer","not collected","Pathogen.cl","00-5MIDNRdeerOts","USA","North America","USA:MIchigan","not collected","not collected","not collected","not collected","bovine tuberculosis","","","","","","","","","","","","","","","","","","","","","","","",NA,"","",NA,"","","","","","","","","","","","","","","","","","","","","","","","","","","","",NA,"","","","","",""
"4001","SRR5817688","WGS","SAMN07339982","USDA-NVSL-DBL","public","sra","gs,ncbi,s3","gs.US,ncbi.public,s3.us-east-1","SRX2995994","Illumina MiSeq","PAIRED","RANDOM","GENOMIC","Mycobacterium tuberculosis variant bovis","ILLUMINA","2017-07-11T00:00:00Z","00-43MIDNRdeerMontm","SRP053287","PRJNA251692",477,413208518,250676688,"00-43MIDNRdeerMontm","Deer","not collected","Pathogen.cl","00-43MIDNRdeerMontm","USA","North America","USA:MIchigan","not collected","not collected","not collected","not collected","bovine tuberculosis","","","","","","","","","","","","","","","","","","","","","","","",NA,"","",NA,"","","","","","","","","","","","","","","","","","","","","","","","","","","","",NA,"","","","","",""
"4002","SRR5817689","WGS","SAMN07339981","USDA-NVSL-DBL","public","sra","gs,ncbi,s3","gs.US,ncbi.public,s3.us-east-1","SRX2995993","Illumina MiSeq","PAIRED","RANDOM","GENOMIC","Mycobacterium tuberculosis variant bovis","ILLUMINA","2017-07-11T00:00:00Z","00-33MIDNRdeerPI","SRP053287","PRJNA251692",473,380897515,239909461,"00-33MIDNRdeerPI","Deer","not collected","Pathogen.cl","00-33MIDNRdeerPI","USA","North America","USA:MIchigan","not collected","not collected","not collected","not collected","bovine tuberculosis","","","","","","","","","","","","","","","","","","","","","","","",NA,"","",NA,"","","","","","","","","","","","","","","","","","","","","","","","","","","","",NA,"","","","","",""
"4003","SRR5817690","WGS","SAMN07339984","USDA-NVSL-DBL","public","sra","gs,ncbi,s3","gs.US,ncbi.public,s3.us-east-1","SRX2995992","Illumina MiSeq","PAIRED","RANDOM","GENOMIC","Mycobacterium tuberculosis variant bovis","ILLUMINA","2017-07-11T00:00:00Z","00-55MIDNRelk-Montm","SRP053287","PRJNA251692",477,354990315,212540836,"00-55MIDNRelk-Montm","Elk","not collected","Pathogen.cl","00-55MIDNRelk-Montm","USA","North America","USA:MIchigan","not collected","not collected","not collected","not collected","bovine tuberculosis","","","","","","","","","","","","","","","","","","","","","","","",NA,"","",NA,"","","","","","","","","","","","","","","","","","","","","","","","","","","","",NA,"","","","","",""
"4004","SRR5817691","WGS","SAMN07339983","USDA-NVSL-DBL","public","sra","gs,ncbi,s3","gs.US,ncbi.public,s3.us-east-1","SRX2995991","Illumina MiSeq","PAIRED","RANDOM","GENOMIC","Mycobacterium tuberculosis variant bovis","ILLUMINA","2017-07-11T00:00:00Z","00-48MIDNRdeerMontm","SRP053287","PRJNA251692",475,459284980,291193723,"00-48MIDNRdeerMontm","Deer","not collected","Pathogen.cl","00-48MIDNRdeerMontm","USA","North America","USA:MIchigan","not collected","not collected","not collected","not collected","bovine tuberculosis","","","","","","","","","","","","","","","","","","","","","","","",NA,"","",NA,"","","","","","","","","","","","","","","","","","","","","","","","","","","","",NA,"","","","","",""
"4005","SRR5817692","WGS","SAMN07339978","USDA-NVSL-DBL","public","sra","gs,ncbi,s3","gs.US,ncbi.public,s3.us-east-1","SRX2995990","Illumina MiSeq","PAIRED","RANDOM","GENOMIC","Mycobacterium tuberculosis variant bovis","ILLUMINA","2017-07-11T00:00:00Z","00-21MIDNRdeerOts","SRP053287","PRJNA251692",476,476815245,286266730,"00-21MIDNRdeerOts","Deer","not collected","Pathogen.cl","00-21MIDNRdeerOts","USA","North America","USA:MIchigan","not collected","not collected","not collected","not collected","bovine tuberculosis","","","","","","","","","","","","","","","","","","","","","","","",NA,"","",NA,"","","","","","","","","","","","","","","","","","","","","","","","","","","","",NA,"","","","","",""
"4006","SRR5817693","WGS","SAMN07339977","USDA-NVSL-DBL","public","sra","gs,ncbi,s3","gs.US,ncbi.public,s3.us-east-1","SRX2995989","Illumina MiSeq","PAIRED","RANDOM","GENOMIC","Mycobacterium tuberculosis variant bovis","ILLUMINA","2017-07-11T00:00:00Z","00-17MIDNRdeerMontm","SRP053287","PRJNA251692",454,549240171,323347173,"00-17MIDNRdeerMontm","Deer","not collected","Pathogen.cl","00-17MIDNRdeerMontm","USA","North America","USA:MIchigan","not collected","not collected","not collected","not collected","bovine tuberculosis","","","","","","","","","","","","","","","","","","","","","","","",NA,"","",NA,"","","","","","","","","","","","","","","","","","","","","","","","","","","","",NA,"","","","","",""
"4007","SRR5817694","WGS","SAMN07339980","USDA-NVSL-DBL","public","sra","gs,ncbi,s3","gs.US,ncbi.public,s3.us-east-1","SRX2995988","Illumina MiSeq","PAIRED","RANDOM","GENOMIC","Mycobacterium tuberculosis variant bovis","ILLUMINA","2017-07-11T00:00:00Z","00-32MIDNRdeerOts","SRP053287","PRJNA251692",458,416201376,258530021,"00-32MIDNRdeerOts","Deer","not collected","Pathogen.cl","00-32MIDNRdeerOts","USA","North America","USA:MIchigan","not collected","not collected","not collected","not collected","bovine tuberculosis","","","","","","","","","","","","","","","","","","","","","","","",NA,"","",NA,"","","","","","","","","","","","","","","","","","","","","","","","","","","","",NA,"","","","","",""
"4008","SRR5817695","WGS","SAMN07339979","USDA-NVSL-DBL","public","sra","gs,ncbi,s3","gs.US,ncbi.public,s3.us-east-1","SRX2995987","Illumina MiSeq","PAIRED","RANDOM","GENOMIC","Mycobacterium tuberculosis variant bovis","ILLUMINA","2017-07-11T00:00:00Z","00-27MIDNRdeerAlp","SRP053287","PRJNA251692",470,407381194,250267640,"00-27MIDNRdeerAlp","Deer","not collected","Pathogen.cl","00-27MIDNRdeerAlp","USA","North America","USA:MIchigan","not collected","not collected","not collected","not collected","bovine tuberculosis","","","","","","","","","","","","","","","","","","","","","","","",NA,"","",NA,"","","","","","","","","","","","","","","","","","","","","","","","","","","","",NA,"","","","","",""
"4009","SRR5817696","WGS","SAMN07340015","USDA-NVSL-DBL","public","sra","gs,ncbi,s3","gs.US,ncbi.public,s3.us-east-1","SRX2995986","Illumina MiSeq","PAIRED","RANDOM","GENOMIC","Mycobacterium tuberculosis variant bovis","ILLUMINA","2017-07-11T00:00:00Z","07-3557","SRP053287","PRJNA251692",458,791635533,500770021,"07-3557","Cattle:Dairy","not collected","Pathogen.cl","07-3557","USA","North America","USA:MIchigan","not collected","not collected","not collected","not collected","bovine tuberculosis","","","","","","","","","","","","","","","","","","","","","","","",NA,"","",NA,"","","","","","","","","","","","","","","","","","","","","","","","","","","","",NA,"","","","","",""
"4010","SRR5817697","WGS","SAMN07340025","USDA-NVSL-DBL","public","sra","gs,ncbi,s3","gs.US,ncbi.public,s3.us-east-1","SRX2995985","Illumina MiSeq","PAIRED","RANDOM","GENOMIC","Mycobacterium tuberculosis variant bovis","ILLUMINA","2017-07-11T00:00:00Z","97-64MIDNRdeerPI","SRP053287","PRJNA251692",478,423110364,276216555,"97-64MIDNRdeerPI","Deer","not collected","Pathogen.cl","97-64MIDNRdeerPI","USA","North America","USA:MIchigan","not collected","not collected","not collected","not collected","bovine tuberculosis","","","","","","","","","","","","","","","","","","","","","","","",NA,"","",NA,"","","","","","","","","","","","","","","","","","","","","","","","","","","","",NA,"","","","","",""
"4011","SRR5817700","WGS","SAMN07340022","USDA-NVSL-DBL","public","sra","gs,ncbi,s3","gs.US,ncbi.public,s3.us-east-1","SRX2995982","Illumina MiSeq","PAIRED","RANDOM","GENOMIC","Mycobacterium tuberculosis variant bovis","ILLUMINA","2017-07-11T00:00:00Z","09-4305","SRP053287","PRJNA251692",454,780829441,530158835,"09-4305","Cattle:Dairy","not collected","Pathogen.cl","09-4305","USA","North America","USA:MIchigan","not collected","not collected","not collected","not collected","bovine tuberculosis","","","","","","","","","","","","","","","","","","","","","","","",NA,"","",NA,"","","","","","","","","","","","","","","","","","","","","","","","","","","","",NA,"","","","","",""
"4012","SRR5817701","WGS","SAMN07340023","USDA-NVSL-DBL","public","sra","gs,ncbi,s3","gs.US,ncbi.public,s3.us-east-1","SRX2995981","Illumina MiSeq","PAIRED","RANDOM","GENOMIC","Mycobacterium tuberculosis variant bovis","ILLUMINA","2017-07-11T00:00:00Z","13-13MIDNRdeerPI","SRP053287","PRJNA251692",476,409774353,247170700,"13-13MIDNRdeerPI","Deer","not collected","Pathogen.cl","13-13MIDNRdeerPI","USA","North America","USA:MIchigan","not collected","not collected","not collected","not collected","bovine tuberculosis","","","","","","","","","","","","","","","","","","","","","","","",NA,"","",NA,"","","","","","","","","","","","","","","","","","","","","","","","","","","","",NA,"","","","","",""
"4013","SRR5817702","WGS","SAMN07340024","USDA-NVSL-DBL","public","sra","gs,ncbi,s3","gs.US,ncbi.public,s3.us-east-1","SRX2995980","Illumina MiSeq","PAIRED","RANDOM","GENOMIC","Mycobacterium tuberculosis variant bovis","ILLUMINA","2017-07-11T00:00:00Z","13-21MIDNRdeerMontm","SRP053287","PRJNA251692",473,480589524,308263215,"13-21MIDNRdeerMontm","Deer","not collected","Pathogen.cl","13-21MIDNRdeerMontm","USA","North America","USA:MIchigan","not collected","not collected","not collected","not collected","bovine tuberculosis","","","","","","","","","","","","","","","","","","","","","","","",NA,"","",NA,"","","","","","","","","","","","","","","","","","","","","","","","","","","","",NA,"","","","","",""
"4014","SRR5817703","WGS","SAMN07340017","USDA-NVSL-DBL","public","sra","gs,ncbi,s3","gs.US,ncbi.public,s3.us-east-1","SRX2995979","Illumina MiSeq","PAIRED","RANDOM","GENOMIC","Mycobacterium tuberculosis variant bovis","ILLUMINA","2017-07-11T00:00:00Z","07-6MIDNRdeerMontm","SRP053287","PRJNA251692",469,367463556,224160422,"07-6MIDNRdeerMontm","Deer","not collected","Pathogen.cl","07-6MIDNRdeerMontm","USA","North America","USA:MIchigan","not collected","not collected","not collected","not collected","bovine tuberculosis","","","","","","","","","","","","","","","","","","","","","","","",NA,"","",NA,"","","","","","","","","","","","","","","","","","","","","","","","","","","","",NA,"","","","","",""
"4015","SRR5817704","WGS","SAMN07340018","USDA-NVSL-DBL","public","sra","gs,ncbi,s3","gs.US,ncbi.public,s3.us-east-1","SRX2995978","Illumina MiSeq","PAIRED","RANDOM","GENOMIC","Mycobacterium tuberculosis variant bovis","ILLUMINA","2017-07-11T00:00:00Z","07-7MIDNRdeerMontm-1","SRP053287","PRJNA251692",464,469175372,299190841,"07-7MIDNRdeerMontm-1","Deer","not collected","Pathogen.cl","07-7MIDNRdeerMontm-1","USA","North America","USA:MIchigan","not collected","not collected","not collected","not collected","bovine tuberculosis","","","","","","","","","","","","","","","","","","","","","","","",NA,"","",NA,"","","","","","","","","","","","","","","","","","","","","","","","","","","","",NA,"","","","","",""
"4016","SRR5817705","WGS","SAMN07340019","USDA-NVSL-DBL","public","sra","gs,ncbi,s3","gs.US,ncbi.public,s3.us-east-1","SRX2995977","Illumina MiSeq","PAIRED","RANDOM","GENOMIC","Mycobacterium tuberculosis variant bovis","ILLUMINA","2017-07-11T00:00:00Z","07-9MIDNRdeerOsco","SRP053287","PRJNA251692",473,477250991,307124851,"07-9MIDNRdeerOsco","Deer","not collected","Pathogen.cl","07-9MIDNRdeerOsco","USA","North America","USA:MIchigan","not collected","not collected","not collected","not collected","bovine tuberculosis","","","","","","","","","","","","","","","","","","","","","","","",NA,"","",NA,"","","","","","","","","","","","","","","","","","","","","","","","","","","","",NA,"","","","","",""
"4017","SRR5817706","WGS","SAMN07340020","USDA-NVSL-DBL","public","sra","gs,ncbi,s3","gs.US,ncbi.public,s3.us-east-1","SRX2995976","Illumina MiSeq","PAIRED","RANDOM","GENOMIC","Mycobacterium tuberculosis variant bovis","ILLUMINA","2017-07-11T00:00:00Z","08-0954","SRP053287","PRJNA251692",108,322785972,206669537,"08-0954","Cattle:Beef","not collected","Pathogen.cl","08-0954","USA","North America","USA:MIchigan","not collected","not collected","not collected","not collected","bovine tuberculosis","","","","","","","","","","","","","","","","","","","","","","","",NA,"","",NA,"","","","","","","","","","","","","","","","","","","","","","","","","","","","",NA,"","","","","",""
"4018","SRR5817710","WGS","SAMN07340002","USDA-NVSL-DBL","public","sra","gs,ncbi,s3","gs.US,ncbi.public,s3.us-east-1","SRX2995972","Illumina MiSeq","PAIRED","RANDOM","GENOMIC","Mycobacterium tuberculosis variant bovis","ILLUMINA","2017-07-11T00:00:00Z","03-6MIDNRdeerAlp","SRP053287","PRJNA251692",476,373018342,242360285,"03-6MIDNRdeerAlp","Deer","not collected","Pathogen.cl","03-6MIDNRdeerAlp","USA","North America","USA:MIchigan","not collected","not collected","not collected","not collected","bovine tuberculosis","","","","","","","","","","","","","","","","","","","","","","","",NA,"","",NA,"","","","","","","","","","","","","","","","","","","","","","","","","","","","",NA,"","","","","",""
"4019","SRR5817711","WGS","SAMN07339999","USDA-NVSL-DBL","public","sra","gs,ncbi,s3","gs.US,ncbi.public,s3.us-east-1","SRX2995971","Illumina MiSeq","PAIRED","RANDOM","GENOMIC","Mycobacterium tuberculosis variant bovis","ILLUMINA","2017-07-11T00:00:00Z","03-33MIDNRelkPI","SRP053287","PRJNA251692",471,335398945,204473727,"03-33MIDNRelkPI","Elk","not collected","Pathogen.cl","03-33MIDNRelkPI","USA","North America","USA:MIchigan","not collected","not collected","not collected","not collected","bovine tuberculosis","","","","","","","","","","","","","","","","","","","","","","","",NA,"","",NA,"","","","","","","","","","","","","","","","","","","","","","","","","","","","",NA,"","","","","",""
"4020","SRR5817713","WGS","SAMN07339997","USDA-NVSL-DBL","public","sra","gs,ncbi,s3","gs.US,ncbi.public,s3.us-east-1","SRX2995969","Illumina MiSeq","PAIRED","RANDOM","GENOMIC","Mycobacterium tuberculosis variant bovis","ILLUMINA","2017-07-11T00:00:00Z","03-24MIDNRdeerPI","SRP053287","PRJNA251692",476,365532205,229237170,"03-24MIDNRdeerPI","Deer","not collected","Pathogen.cl","03-24MIDNRdeerPI","USA","North America","USA:MIchigan","not collected","not collected","not collected","not collected","bovine tuberculosis","","","","","","","","","","","","","","","","","","","","","","","",NA,"","",NA,"","","","","","","","","","","","","","","","","","","","","","","","","","","","",NA,"","","","","",""
"4021","SRR5817714","WGS","SAMN07339998","USDA-NVSL-DBL","public","sra","gs,ncbi,s3","gs.US,ncbi.public,s3.us-east-1","SRX2995968","Illumina MiSeq","PAIRED","RANDOM","GENOMIC","Mycobacterium tuberculosis variant bovis","ILLUMINA","2017-07-11T00:00:00Z","03-32MIDNRdeerMontm","SRP053287","PRJNA251692",468,467750714,278293784,"03-32MIDNRdeerMontm","Deer","not collected","Pathogen.cl","03-32MIDNRdeerMontm","USA","North America","USA:MIchigan","not collected","not collected","not collected","not collected","bovine tuberculosis","","","","","","","","","","","","","","","","","","","","","","","",NA,"","",NA,"","","","","","","","","","","","","","","","","","","","","","","","","","","","",NA,"","","","","",""
"4022","SRR5817715","WGS","SAMN07340016","USDA-NVSL-DBL","public","sra","gs,ncbi,s3","gs.US,ncbi.public,s3.us-east-1","SRX2995967","Illumina MiSeq","PAIRED","RANDOM","GENOMIC","Mycobacterium tuberculosis variant bovis","ILLUMINA","2017-09-21T00:00:00Z","07-6884","SRP053287","PRJNA251692",108,698284800,578488143,"07-6884","Cattle:Dairy","not collected","Pathogen.cl","07-6884","USA","North America","USA:MIchigan","not collected","not collected","not collected","not collected","bovine tuberculosis","","","","","","","","","","","","","","","","","","","","","","","",NA,"","",NA,"","","","","","","","","","","","","","","","","","","","","","","","","","","","",NA,"","","","","",""
"4023","SRR5817717","WGS","SAMN07340006","USDA-NVSL-DBL","public","sra","gs,ncbi,s3","gs.US,ncbi.public,s3.us-east-1","SRX2995965","Illumina MiSeq","PAIRED","RANDOM","GENOMIC","Mycobacterium tuberculosis variant bovis","ILLUMINA","2017-07-11T00:00:00Z","04-7295","SRP053287","PRJNA251692",450,1068323586,737164805,"04-7295","Cattle:Dairy","not collected","Pathogen.cl","04-7295","USA","North America","USA:MIchigan","not collected","not collected","not collected","not collected","bovine tuberculosis","","","","","","","","","","","","","","","","","","","","","","","",NA,"","",NA,"","","","","","","","","","","","","","","","","","","","","","","","","","","","",NA,"","","","","",""
"4024","SRR5817720","WGS","SAMN07340027","USDA-NVSL-DBL","public","sra","gs,ncbi,s3","gs.US,ncbi.public,s3.us-east-1","SRX2995962","Illumina MiSeq","PAIRED","RANDOM","GENOMIC","Mycobacterium tuberculosis variant bovis","ILLUMINA","2017-07-11T00:00:00Z","99-1MIDNRdeerMontm","SRP053287","PRJNA251692",470,507456954,303369092,"99-1MIDNRdeerMontm","Deer","not collected","Pathogen.cl","99-1MIDNRdeerMontm","USA","North America","USA:MIchigan","not collected","not collected","not collected","not collected","bovine tuberculosis","","","","","","","","","","","","","","","","","","","","","","","",NA,"","",NA,"","","","","","","","","","","","","","","","","","","","","","","","","","","","",NA,"","","","","",""
"4844","SRR5817699","WGS","SAMN07340021","USDA-NVSL-DBL","public","sra","gs,ncbi,s3","gs.US,ncbi.public,s3.us-east-1","SRX2995983","Illumina MiSeq","PAIRED","RANDOM","GENOMIC","Mycobacterium tuberculosis variant bovis","ILLUMINA","2017-07-11T00:00:00Z","08-2564","SRP053287","PRJNA251692",458,1026631651,652208146,"08-2564","Cattle:Beef","not collected","Pathogen.cl","08-2564","USA","North America","USA:MIchigan","not collected","not collected","not collected","not collected","bovine tuberculosis","","","","","","","","","","","","","","","","","","","","","","","",NA,"","",NA,"","","","","","","","","","","","","","","","","","","","","","","","","","","","",NA,"","","","","",""
"4911","SRR5817709","WGS","SAMN07340001","USDA-NVSL-DBL","public","sra","gs,ncbi,s3","gs.US,ncbi.public,s3.us-east-1","SRX2995973","Illumina MiSeq","PAIRED","RANDOM","GENOMIC","Mycobacterium tuberculosis variant bovis","ILLUMINA","2017-07-11T00:00:00Z","03-3MIDNRdeerMontm","SRP053287","PRJNA251692",475,419544506,251186860,"03-3MIDNRdeerMontm","Deer","not collected","Pathogen.cl","03-3MIDNRdeerMontm","USA","North America","USA:MIchigan","not collected","not collected","not collected","not collected","bovine tuberculosis","","","","","","","","","","","","","","","","","","","","","","","",NA,"","",NA,"","","","","","","","","","","","","","","","","","","","","","","","","","","","",NA,"","","","","",""
"5044","SRR8073610","WGS","SAMN10254842","USDA","public","sra","gs,ncbi,s3","gs.US,ncbi.public,s3.us-east-1","SRX4901542","Illumina MiSeq","PAIRED","RANDOM","GENOMIC","Mycobacterium tuberculosis variant bovis","ILLUMINA","2018-10-17T00:00:00Z","06-38MIDNRdeerOsco","SRP053287","PRJNA251692",469,368415583,231847786,"06-38MIDNRdeerOsco","Deer","not collected","Pathogen.cl","06-38MIDNRdeerOsco","USA","North America","USA:Michigan","not collected","not collected","not collected","not collected","bovine tuberculosis","","","","","","","","","","","","","","","","","","","","","","","",NA,"","",NA,"","","","","","","","","","","","","","","","","","","","","","","","","","","","",NA,"","","","","",""
"5255","SRR5817698","WGS","SAMN07340026","USDA-NVSL-DBL","public","sra","gs,ncbi,s3","gs.US,ncbi.public,s3.us-east-1","SRX2995984","Illumina MiSeq","PAIRED","RANDOM","GENOMIC","Mycobacterium tuberculosis variant bovis","ILLUMINA","2017-07-11T00:00:00Z","99-10MIDNRdeerMontm","SRP053287","PRJNA251692",483,377590911,249916058,"99-10MIDNRdeerMontm","Deer","not collected","Pathogen.cl","99-10MIDNRdeerMontm","USA","North America","USA:MIchigan","not collected","not collected","not collected","not collected","bovine tuberculosis","","","","","","","","","","","","","","","","","","","","","","","",NA,"","",NA,"","","","","","","","","","","","","","","","","","","","","","","","","","","","",NA,"","","","","",""
"5256","SRR5817707","WGS","SAMN07340003","USDA-NVSL-DBL","public","sra","gs,ncbi,s3","gs.US,ncbi.public,s3.us-east-1","SRX2995975","Illumina MiSeq","PAIRED","RANDOM","GENOMIC","Mycobacterium tuberculosis variant bovis","ILLUMINA","2017-07-11T00:00:00Z","04-19MIDNRdeerPI","SRP053287","PRJNA251692",467,458729003,273165453,"04-19MIDNRdeerPI","Deer","not collected","Pathogen.cl","04-19MIDNRdeerPI","USA","North America","USA:MIchigan","not collected","not collected","not collected","not collected","bovine tuberculosis","","","","","","","","","","","","","","","","","","","","","","","",NA,"","",NA,"","","","","","","","","","","","","","","","","","","","","","","","","","","","",NA,"","","","","",""
"5257","SRR5817708","WGS","SAMN07340004","USDA-NVSL-DBL","public","sra","gs,ncbi,s3","gs.US,ncbi.public,s3.us-east-1","SRX2995974","Illumina MiSeq","PAIRED","RANDOM","GENOMIC","Mycobacterium tuberculosis variant bovis","ILLUMINA","2017-07-11T00:00:00Z","04-24MIDNRdeerMontm","SRP053287","PRJNA251692",473,415296100,256000989,"04-24MIDNRdeerMontm","Deer","not collected","Pathogen.cl","04-24MIDNRdeerMontm","USA","North America","USA:MIchigan","not collected","not collected","not collected","not collected","bovine tuberculosis","","","","","","","","","","","","","","","","","","","","","","","",NA,"","",NA,"","","","","","","","","","","","","","","","","","","","","","","","","","","","",NA,"","","","","",""
"5258","SRR5817712","WGS","SAMN07340000","USDA-NVSL-DBL","public","sra","gs,ncbi,s3","gs.US,ncbi.public,s3.us-east-1","SRX2995970","Illumina MiSeq","PAIRED","RANDOM","GENOMIC","Mycobacterium tuberculosis variant bovis","ILLUMINA","2017-07-11T00:00:00Z","03-34MIDNRelkMontm","SRP053287","PRJNA251692",474,369084207,228868894,"03-34MIDNRelkMontm","Elk","not collected","Pathogen.cl","03-34MIDNRelkMontm","USA","North America","USA:MIchigan","not collected","not collected","not collected","not collected","bovine tuberculosis","","","","","","","","","","","","","","","","","","","","","","","",NA,"","",NA,"","","","","","","","","","","","","","","","","","","","","","","","","","","","",NA,"","","","","",""
"5259","SRR5817716","WGS","SAMN07340005","USDA-NVSL-DBL","public","sra","gs,ncbi,s3","gs.US,ncbi.public,s3.us-east-1","SRX2995966","Illumina MiSeq","PAIRED","RANDOM","GENOMIC","Mycobacterium tuberculosis variant bovis","ILLUMINA","2017-07-11T00:00:00Z","04-25MIDNRdeerPI","SRP053287","PRJNA251692",474,469978182,282430165,"04-25MIDNRdeerPI","Deer","not collected","Pathogen.cl","04-25MIDNRdeerPI","USA","North America","USA:MIchigan","not collected","not collected","not collected","not collected","bovine tuberculosis","","","","","","","","","","","","","","","","","","","","","","","",NA,"","",NA,"","","","","","","","","","","","","","","","","","","","","","","","","","","","",NA,"","","","","",""
"5260","SRR5817718","WGS","SAMN07340029","USDA-NVSL-DBL","public","sra","gs,ncbi,s3","gs.US,ncbi.public,s3.us-east-1","SRX2995964","Illumina MiSeq","PAIRED","RANDOM","GENOMIC","Mycobacterium tuberculosis variant bovis","ILLUMINA","2017-07-11T00:00:00Z","99-26MIDNRdeerMontm","SRP053287","PRJNA251692",479,461842595,278873756,"99-26MIDNRdeerMontm","Deer","not collected","Pathogen.cl","99-26MIDNRdeerMontm","USA","North America","USA:MIchigan","not collected","not collected","not collected","not collected","bovine tuberculosis","","","","","","","","","","","","","","","","","","","","","","","",NA,"","",NA,"","","","","","","","","","","","","","","","","","","","","","","","","","","","",NA,"","","","","",""
"5261","SRR5817719","WGS","SAMN07340028","USDA-NVSL-DBL","public","sra","gs,ncbi,s3","gs.US,ncbi.public,s3.us-east-1","SRX2995963","Illumina MiSeq","PAIRED","RANDOM","GENOMIC","Mycobacterium tuberculosis variant bovis","ILLUMINA","2017-07-11T00:00:00Z","99-23MIDNRdeerMontm","SRP053287","PRJNA251692",479,437817087,275072258,"99-23MIDNRdeerMontm","Deer","not collected","Pathogen.cl","99-23MIDNRdeerMontm","USA","North America","USA:MIchigan","not collected","not collected","not collected","not collected","bovine tuberculosis","","","","","","","","","","","","","","","","","","","","","","","",NA,"","",NA,"","","","","","","","","","","","","","","","","","","","","","","","","","","","",NA,"","","","","",""
